image,specie
0.jpg,BLACKBURNIAM WARBLER
1.jpg,HIMALAYAN MONAL
2.jpg,CALIFORNIA QUAIL
3.jpg,TAKAHE
4.jpg,AMERICAN REDSTART
5.jpg,GREAT POTOO
6.jpg,GOLDEN CHLOROPHONIA
7.jpg,BLACK-CAPPED CHICKADEE
8.jpg,BEARDED BELLBIRD
9.jpg,NORTHERN JACANA
10.jpg,STRAWBERRY FINCH
11.jpg,BEARDED BARBET
12.jpg,MARABOU STORK
13.jpg,WHITE TAILED TROPIC
14.jpg,AMERICAN GOLDFINCH
15.jpg,NORTHERN FLICKER
16.jpg,CANARY
17.jpg,RED FACED CORMORANT
18.jpg,NORTHERN CARDINAL
19.jpg,INCA TERN
20.jpg,HORNED GUAN
21.jpg,SRI LANKA BLUE MAGPIE
22.jpg,BLUE GROUSE
23.jpg,LILAC ROLLER
24.jpg,ROSY FACED LOVEBIRD
25.jpg,UMBRELLA BIRD
26.jpg,RED BROWED FINCH
27.jpg,CHARA DE COLLAR
28.jpg,HARPY EAGLE
29.jpg,BALD EAGLE
30.jpg,SCARLET TANAGER
31.jpg,FAIRY BLUEBIRD
32.jpg,EURASIAN MAGPIE
33.jpg,KIWI
34.jpg,VICTORIA CROWNED PIGEON
35.jpg,BAR-TAILED GODWIT
36.jpg,GLOSSY IBIS
37.jpg,ARARIPE MANAKIN
38.jpg,ASIAN CRESTED IBIS
39.jpg,SWINHOES PHEASANT
40.jpg,PELICAN
41.jpg,WILSONS BIRD OF PARADISE
42.jpg,HOUSE SPARROW
43.jpg,KAGU
44.jpg,FIRE TAILLED MYZORNIS
45.jpg,SAND MARTIN
46.jpg,HOATZIN
47.jpg,JABIRU
48.jpg,ASIAN CRESTED IBIS
49.jpg,RUFOUS KINGFISHER
50.jpg,AMERICAN BITTERN
51.jpg,GREATOR SAGE GROUSE
52.jpg,ANNAS HUMMINGBIRD
53.jpg,GILA WOODPECKER
54.jpg,GRAY CATBIRD
55.jpg,BAY-BREASTED WARBLER
56.jpg,NICOBAR PIGEON
57.jpg,BLUE GROUSE
58.jpg,KILLDEAR
59.jpg,BLACK VULTURE
60.jpg,CRIMSON SUNBIRD
61.jpg,BANANAQUIT
62.jpg,JAVA SPARROW
63.jpg,BLACK FRANCOLIN
64.jpg,COMMON POORWILL
65.jpg,GANG GANG COCKATOO
66.jpg,FLAMINGO
67.jpg,RAINBOW LORIKEET
68.jpg,RUFUOS MOTMOT
69.jpg,YELLOW CACIQUE
70.jpg,MASKED LAPWING
71.jpg,COCK OF THE  ROCK
72.jpg,NORTHERN CARDINAL
73.jpg,DOUBLE BARRED FINCH
74.jpg,CUBAN TODY
75.jpg,MALABAR HORNBILL
76.jpg,BLACK-NECKED GREBE
77.jpg,ROYAL FLYCATCHER
78.jpg,CRESTED AUKLET
79.jpg,NORTHERN MOCKINGBIRD
80.jpg,EMU
81.jpg,MASKED BOOBY
82.jpg,CALIFORNIA QUAIL
83.jpg,PURPLE FINCH
84.jpg,WHITE NECKED RAVEN
85.jpg,MALAGASY WHITE EYE
86.jpg,NORTHERN FLICKER
87.jpg,BANANAQUIT
88.jpg,CHARA DE COLLAR
89.jpg,GRAY PARTRIDGE
90.jpg,INDIAN BUSTARD
91.jpg,CRESTED CARACARA
92.jpg,CANARY
93.jpg,KIWI
94.jpg,BEARDED REEDLING
95.jpg,ROADRUNNER
96.jpg,BLACK-CAPPED CHICKADEE
97.jpg,CASSOWARY
98.jpg,YELLOW CACIQUE
99.jpg,HORNED SUNGEM
100.jpg,DARK EYED JUNCO
101.jpg,KIWI
102.jpg,VARIED THRUSH
103.jpg,BOBOLINK
104.jpg,CERULEAN WARBLER
105.jpg,STRIPPED MANAKIN
106.jpg,GYRFALCON
107.jpg,OSPREY
108.jpg,GAMBELS QUAIL
109.jpg,AMERICAN BITTERN
110.jpg,HOUSE FINCH
111.jpg,AMERICAN COOT
112.jpg,PYGMY KINGFISHER
113.jpg,TAIWAN MAGPIE
114.jpg,PINK ROBIN
115.jpg,RUFOUS KINGFISHER
116.jpg,EASTERN ROSELLA
117.jpg,AMERICAN GOLDFINCH
118.jpg,YELLOW HEADED BLACKBIRD
119.jpg,BEARDED BELLBIRD
120.jpg,MALACHITE KINGFISHER
121.jpg,ALBATROSS
122.jpg,KILLDEAR
123.jpg,CUBAN TROGON
124.jpg,KILLDEAR
125.jpg,BLACK VULTURE
126.jpg,NORTHERN PARULA
127.jpg,MALLARD DUCK
128.jpg,TOUCHAN
129.jpg,COMMON GRACKLE
130.jpg,VULTURINE GUINEAFOWL
131.jpg,HORNBILL
132.jpg,ALEXANDRINE PARAKEET
133.jpg,PINK ROBIN
134.jpg,GOLDEN CHLOROPHONIA
135.jpg,COMMON STARLING
136.jpg,COUCHS KINGBIRD
137.jpg,BAR-TAILED GODWIT
138.jpg,BALI STARLING
139.jpg,BEARDED REEDLING
140.jpg,ENGGANO MYNA
141.jpg,ENGGANO MYNA
142.jpg,MIKADO  PHEASANT
143.jpg,HOUSE SPARROW
144.jpg,PARUS MAJOR
145.jpg,MALACHITE KINGFISHER
146.jpg,WATTLED CURASSOW
147.jpg,GREEN BROADBILL
148.jpg,CURL CRESTED ARACURI
149.jpg,TRUMPTER SWAN
150.jpg,RED BROWED FINCH
151.jpg,EMU
152.jpg,BEARDED REEDLING
153.jpg,ASIAN CRESTED IBIS
154.jpg,BLACK-THROATED SPARROW
155.jpg,OKINAWA RAIL
156.jpg,BARN OWL
157.jpg,SNOWY EGRET
158.jpg,RAZORBILL
159.jpg,CROWNED PIGEON
160.jpg,PYGMY KINGFISHER
161.jpg,HOUSE SPARROW
162.jpg,OSPREY
163.jpg,TREE SWALLOW
164.jpg,EASTERN MEADOWLARK
165.jpg,BLUE HERON
166.jpg,HIMALAYAN MONAL
167.jpg,CROW
168.jpg,CALIFORNIA CONDOR
169.jpg,YELLOW CACIQUE
170.jpg,RED TAILED THRUSH
171.jpg,AMERICAN AVOCET
172.jpg,SPOON BILED SANDPIPER
173.jpg,RUFOUS KINGFISHER
174.jpg,FLAME TANAGER
175.jpg,DOUBLE BRESTED CORMARANT
176.jpg,COCK OF THE  ROCK
177.jpg,TEAL DUCK
178.jpg,MANDRIN DUCK
179.jpg,TAKAHE
180.jpg,HORNED LARK
181.jpg,RUFOUS KINGFISHER
182.jpg,ORANGE BRESTED BUNTING
183.jpg,BROWN THRASHER
184.jpg,DOUBLE BARRED FINCH
185.jpg,GREY PLOVER
186.jpg,COMMON HOUSE MARTIN
187.jpg,STEAMER DUCK
188.jpg,WHIMBREL
189.jpg,STRIPPED MANAKIN
190.jpg,FAIRY BLUEBIRD
191.jpg,ELEGANT TROGON
192.jpg,GUINEAFOWL
193.jpg,CAPUCHINBIRD
194.jpg,RAZORBILL
195.jpg,BLACKBURNIAM WARBLER
196.jpg,FLAME TANAGER
197.jpg,RED HONEY CREEPER
198.jpg,CALIFORNIA GULL
199.jpg,EASTERN MEADOWLARK
200.jpg,VIOLET GREEN SWALLOW
201.jpg,SNOWY EGRET
202.jpg,OSTRICH
203.jpg,OSPREY
204.jpg,GYRFALCON
205.jpg,BORNEAN BRISTLEHEAD
206.jpg,TRUMPTER SWAN
207.jpg,EASTERN TOWEE
208.jpg,KAGU
209.jpg,WHITE CHEEKED TURACO
210.jpg,COMMON FIRECREST
211.jpg,GREY PLOVER
212.jpg,CHARA DE COLLAR
213.jpg,CRESTED AUKLET
214.jpg,PARUS MAJOR
215.jpg,VERMILION FLYCATHER
216.jpg,QUETZAL
217.jpg,GREATOR SAGE GROUSE
218.jpg,VERMILION FLYCATHER
219.jpg,GILA WOODPECKER
220.jpg,BLACK THROATED BUSHTIT
221.jpg,MARABOU STORK
222.jpg,SPOON BILED SANDPIPER
223.jpg,DOUBLE BRESTED CORMARANT
224.jpg,AMERICAN GOLDFINCH
225.jpg,EURASIAN MAGPIE
226.jpg,WILSONS BIRD OF PARADISE
227.jpg,EMU
228.jpg,RED HEADED WOODPECKER
229.jpg,RED BEARDED BEE EATER
230.jpg,CALIFORNIA CONDOR
231.jpg,OVENBIRD
232.jpg,GAMBELS QUAIL
233.jpg,BLACK THROATED WARBLER
234.jpg,GUINEA TURACO
235.jpg,EMPEROR PENGUIN
236.jpg,ALBATROSS
237.jpg,LILAC ROLLER
238.jpg,BLUE HERON
239.jpg,SRI LANKA BLUE MAGPIE
240.jpg,KOOKABURRA
241.jpg,SHOEBILL
242.jpg,PINK ROBIN
243.jpg,SCARLET MACAW
244.jpg,SUPERB STARLING
245.jpg,GOLDEN PHEASANT
246.jpg,STORK BILLED KINGFISHER
247.jpg,OCELLATED TURKEY
248.jpg,PAINTED BUNTIG
249.jpg,MIKADO  PHEASANT
250.jpg,LEARS MACAW
251.jpg,BROWN CREPPER
252.jpg,MASKED BOOBY
253.jpg,CEDAR WAXWING
254.jpg,BLACKBURNIAM WARBLER
255.jpg,ORANGE BRESTED BUNTING
256.jpg,KIWI
257.jpg,TURQUOISE MOTMOT
258.jpg,ENGGANO MYNA
259.jpg,AMERICAN PIPIT
260.jpg,RED NAPED TROGON
261.jpg,LONG-EARED OWL
262.jpg,MOURNING DOVE
263.jpg,GREEN JAY
264.jpg,CHARA DE COLLAR
265.jpg,RED HEADED DUCK
266.jpg,TAKAHE
267.jpg,TASMANIAN HEN
268.jpg,HORNED LARK
269.jpg,NORTHERN PARULA
270.jpg,IMPERIAL SHAQ
271.jpg,YELLOW BELLIED FLOWERPECKER
272.jpg,COMMON FIRECREST
273.jpg,EMPEROR PENGUIN
274.jpg,NOISY FRIARBIRD
275.jpg,HOOPOES
276.jpg,SMITHS LONGSPUR
277.jpg,BLACK VULTURE
278.jpg,HOUSE FINCH
279.jpg,CINNAMON TEAL
280.jpg,CASPIAN TERN
281.jpg,SHORT BILLED DOWITCHER
282.jpg,BEARDED BELLBIRD
283.jpg,GREEN BROADBILL
284.jpg,BLACK VULTURE
285.jpg,BLACK VULTURE
286.jpg,BLONDE CRESTED WOODPECKER
287.jpg,BALTIMORE ORIOLE
288.jpg,GILA WOODPECKER
289.jpg,CURL CRESTED ARACURI
290.jpg,ALEXANDRINE PARAKEET
291.jpg,CALIFORNIA GULL
292.jpg,DARK EYED JUNCO
293.jpg,BROWN CREPPER
294.jpg,CRESTED CARACARA
295.jpg,MANDRIN DUCK
296.jpg,ROYAL FLYCATCHER
297.jpg,AMERICAN AVOCET
298.jpg,TIT MOUSE
299.jpg,SANDHILL CRANE
300.jpg,GOLDEN PHEASANT
301.jpg,SHOEBILL
302.jpg,BANDED PITA
303.jpg,UMBRELLA BIRD
304.jpg,BLONDE CRESTED WOODPECKER
305.jpg,RED HONEY CREEPER
306.jpg,BLONDE CRESTED WOODPECKER
307.jpg,RED NAPED TROGON
308.jpg,QUETZAL
309.jpg,SMITHS LONGSPUR
310.jpg,GOLD WING WARBLER
311.jpg,RED WISKERED BULBUL
312.jpg,WHIMBREL
313.jpg,MARABOU STORK
314.jpg,CHUKAR PARTRIDGE
315.jpg,SCARLET IBIS
316.jpg,GREY PLOVER
317.jpg,WHITE NECKED RAVEN
318.jpg,EASTERN TOWEE
319.jpg,CERULEAN WARBLER
320.jpg,MYNA
321.jpg,BORNEAN LEAFBIRD
322.jpg,GANG GANG COCKATOO
323.jpg,CARMINE BEE-EATER
324.jpg,HOUSE FINCH
325.jpg,ANHINGA
326.jpg,BLACK-THROATED SPARROW
327.jpg,INDIGO BUNTING
328.jpg,BANDED PITA
329.jpg,AFRICAN CROWNED CRANE
330.jpg,TREE SWALLOW
331.jpg,LILAC ROLLER
332.jpg,LEARS MACAW
333.jpg,TREE SWALLOW
334.jpg,GREAT POTOO
335.jpg,NORTHERN JACANA
336.jpg,PELICAN
337.jpg,INDIGO BUNTING
338.jpg,NORTHERN FLICKER
339.jpg,VERMILION FLYCATHER
340.jpg,INDIGO BUNTING
341.jpg,GAMBELS QUAIL
342.jpg,COMMON STARLING
343.jpg,MOURNING DOVE
344.jpg,VIOLET GREEN SWALLOW
345.jpg,SPANGLED COTINGA
346.jpg,CLARKS NUTCRACKER
347.jpg,ORANGE BRESTED BUNTING
348.jpg,ELEGANT TROGON
349.jpg,YELLOW BELLIED FLOWERPECKER
350.jpg,SCARLET IBIS
351.jpg,BEARDED REEDLING
352.jpg,HORNED SUNGEM
353.jpg,BLACK FRANCOLIN
354.jpg,REGENT BOWERBIRD
355.jpg,BORNEAN BRISTLEHEAD
356.jpg,RED WINGED BLACKBIRD
357.jpg,BARRED PUFFBIRD
358.jpg,BEARDED BARBET
359.jpg,PEACOCK
360.jpg,INDIAN BUSTARD
361.jpg,COMMON HOUSE MARTIN
362.jpg,CACTUS WREN
363.jpg,CAPE MAY WARBLER
364.jpg,HORNED LARK
365.jpg,BLACK SKIMMER
366.jpg,CAPPED HERON
367.jpg,CACTUS WREN
368.jpg,TREE SWALLOW
369.jpg,MALEO
370.jpg,SPANGLED COTINGA
371.jpg,BLACK-THROATED SPARROW
372.jpg,AMERICAN COOT
373.jpg,NORTHERN PARULA
374.jpg,RED HONEY CREEPER
375.jpg,EASTERN BLUEBIRD
376.jpg,BAY-BREASTED WARBLER
377.jpg,OSPREY
378.jpg,YELLOW CACIQUE
379.jpg,COCKATOO
380.jpg,BANDED PITA
381.jpg,RED TAILED THRUSH
382.jpg,INDIAN PITTA
383.jpg,CANARY
384.jpg,OCELLATED TURKEY
385.jpg,RED BEARDED BEE EATER
386.jpg,BLACK-THROATED SPARROW
387.jpg,ALBATROSS
388.jpg,WALL CREAPER
389.jpg,OSTRICH
390.jpg,CURL CRESTED ARACURI
391.jpg,PEACOCK
392.jpg,CACTUS WREN
393.jpg,YELLOW BELLIED FLOWERPECKER
394.jpg,KAKAPO
395.jpg,ANNAS HUMMINGBIRD
396.jpg,WHITE CHEEKED TURACO
397.jpg,COCKATOO
398.jpg,AMERICAN COOT
399.jpg,BLACK-NECKED GREBE
400.jpg,HORNED SUNGEM
401.jpg,RUBY THROATED HUMMINGBIRD
402.jpg,BALTIMORE ORIOLE
403.jpg,LEARS MACAW
404.jpg,LEARS MACAW
405.jpg,MANDRIN DUCK
406.jpg,RED FACED CORMORANT
407.jpg,SORA
408.jpg,FAIRY BLUEBIRD
409.jpg,CANARY
410.jpg,CHUKAR PARTRIDGE
411.jpg,ENGGANO MYNA
412.jpg,CHIPPING SPARROW
413.jpg,HOATZIN
414.jpg,BAY-BREASTED WARBLER
415.jpg,NICOBAR PIGEON
416.jpg,PARADISE TANAGER
417.jpg,DOUBLE BRESTED CORMARANT
418.jpg,JABIRU
419.jpg,GREEN MAGPIE
420.jpg,YELLOW BELLIED FLOWERPECKER
421.jpg,BALI STARLING
422.jpg,RUFUOS MOTMOT
423.jpg,CAPE MAY WARBLER
424.jpg,PURPLE FINCH
425.jpg,EURASIAN MAGPIE
426.jpg,RUFUOS MOTMOT
427.jpg,WOOD DUCK
428.jpg,COMMON GRACKLE
429.jpg,TASMANIAN HEN
430.jpg,KOOKABURRA
431.jpg,OVENBIRD
432.jpg,WHITE CHEEKED TURACO
433.jpg,AFRICAN CROWNED CRANE
434.jpg,CINNAMON TEAL
435.jpg,GOLD WING WARBLER
436.jpg,SPLENDID WREN
437.jpg,HELMET VANGA
438.jpg,GREAT POTOO
439.jpg,STRAWBERRY FINCH
440.jpg,FIRE TAILLED MYZORNIS
441.jpg,EASTERN ROSELLA
442.jpg,D-ARNAUDS BARBET
443.jpg,SMITHS LONGSPUR
444.jpg,BLACK SWAN
445.jpg,CACTUS WREN
446.jpg,AFRICAN CROWNED CRANE
447.jpg,WOOD DUCK
448.jpg,SORA
449.jpg,LILAC ROLLER
450.jpg,ELLIOTS  PHEASANT
451.jpg,GRAY CATBIRD
452.jpg,FRIGATE
453.jpg,RED WINGED BLACKBIRD
454.jpg,TRUMPTER SWAN
455.jpg,LONG-EARED OWL
456.jpg,PARAKETT  AKULET
457.jpg,KAKAPO
458.jpg,NORTHERN GANNET
459.jpg,RED FACED WARBLER
460.jpg,JABIRU
461.jpg,RED BROWED FINCH
462.jpg,DOUBLE BARRED FINCH
463.jpg,PYGMY KINGFISHER
464.jpg,ANNAS HUMMINGBIRD
465.jpg,MOURNING DOVE
466.jpg,PINK ROBIN
467.jpg,ROCK DOVE
468.jpg,CASSOWARY
469.jpg,FLAME TANAGER
470.jpg,RED BROWED FINCH
471.jpg,AMERICAN AVOCET
472.jpg,CALIFORNIA GULL
473.jpg,SCARLET IBIS
474.jpg,HOATZIN
475.jpg,WHIMBREL
476.jpg,GREATOR SAGE GROUSE
477.jpg,MALLARD DUCK
478.jpg,GO AWAY BIRD
479.jpg,BAR-TAILED GODWIT
480.jpg,NICOBAR PIGEON
481.jpg,CUBAN TODY
482.jpg,HARPY EAGLE
483.jpg,CUBAN TODY
484.jpg,AMERICAN PIPIT
485.jpg,MOURNING DOVE
486.jpg,BELTED KINGFISHER
487.jpg,NORTHERN FLICKER
488.jpg,TAKAHE
489.jpg,WATTLED CURASSOW
490.jpg,EASTERN BLUEBIRD
491.jpg,WALL CREAPER
492.jpg,BLUE GROUSE
493.jpg,CAPUCHINBIRD
494.jpg,GLOSSY IBIS
495.jpg,NORTHERN FLICKER
496.jpg,CLARKS NUTCRACKER
497.jpg,BANDED BROADBILL
498.jpg,ROBIN
499.jpg,SPOONBILL
500.jpg,DOUBLE BRESTED CORMARANT
501.jpg,GREAT POTOO
502.jpg,TAKAHE
503.jpg,BLACK & YELLOW bROADBILL
504.jpg,NORTHERN RED BISHOP
505.jpg,AMERICAN GOLDFINCH
506.jpg,SHOEBILL
507.jpg,GRAY PARTRIDGE
508.jpg,MARABOU STORK
509.jpg,CASPIAN TERN
510.jpg,CANARY
511.jpg,GLOSSY IBIS
512.jpg,BROWN CREPPER
513.jpg,RED FACED WARBLER
514.jpg,WHITE THROATED BEE EATER
515.jpg,PURPLE GALLINULE
516.jpg,CHUKAR PARTRIDGE
517.jpg,INDIGO BUNTING
518.jpg,CANARY
519.jpg,GILA WOODPECKER
520.jpg,COCK OF THE  ROCK
521.jpg,FRIGATE
522.jpg,RED TAILED HAWK
523.jpg,MIKADO  PHEASANT
524.jpg,CHUKAR PARTRIDGE
525.jpg,JABIRU
526.jpg,BARN SWALLOW
527.jpg,GREEN JAY
528.jpg,NICOBAR PIGEON
529.jpg,INCA TERN
530.jpg,ELLIOTS  PHEASANT
531.jpg,TASMANIAN HEN
532.jpg,BIRD OF PARADISE
533.jpg,SHOEBILL
534.jpg,GOLDEN EAGLE
535.jpg,MANDRIN DUCK
536.jpg,CANARY
537.jpg,STORK BILLED KINGFISHER
538.jpg,RUFOUS KINGFISHER
539.jpg,CUBAN TROGON
540.jpg,BALTIMORE ORIOLE
541.jpg,NORTHERN FLICKER
542.jpg,KING VULTURE
543.jpg,DOWNY WOODPECKER
544.jpg,COUCHS KINGBIRD
545.jpg,BLACK THROATED BUSHTIT
546.jpg,HOUSE SPARROW
547.jpg,BLACK TAIL CRAKE
548.jpg,WATTLED CURASSOW
549.jpg,TAIWAN MAGPIE
550.jpg,TIT MOUSE
551.jpg,INDIGO BUNTING
552.jpg,CRIMSON SUNBIRD
553.jpg,NORTHERN BALD IBIS
554.jpg,BROWN NOODY
555.jpg,EASTERN TOWEE
556.jpg,EVENING GROSBEAK
557.jpg,CAPUCHINBIRD
558.jpg,BOBOLINK
559.jpg,BLACK & YELLOW bROADBILL
560.jpg,CRESTED NUTHATCH
561.jpg,BLACK & YELLOW bROADBILL
562.jpg,RING-NECKED PHEASANT
563.jpg,PALILA
564.jpg,TURQUOISE MOTMOT
565.jpg,FLAMINGO
566.jpg,RED HEADED DUCK
567.jpg,CHIPPING SPARROW
568.jpg,CASSOWARY
569.jpg,RUFUOS MOTMOT
570.jpg,OSPREY
571.jpg,DOUBLE BRESTED CORMARANT
572.jpg,YELLOW HEADED BLACKBIRD
573.jpg,VERMILION FLYCATHER
574.jpg,COMMON POORWILL
575.jpg,VIOLET GREEN SWALLOW
576.jpg,SCARLET IBIS
577.jpg,COMMON HOUSE MARTIN
578.jpg,COMMON STARLING
579.jpg,JAVA SPARROW
580.jpg,BARRED PUFFBIRD
581.jpg,INCA TERN
582.jpg,BROWN NOODY
583.jpg,AMERICAN AVOCET
584.jpg,ROUGH LEG BUZZARD
585.jpg,EASTERN BLUEBIRD
586.jpg,CALIFORNIA CONDOR
587.jpg,TRUMPTER SWAN
588.jpg,TURKEY VULTURE
589.jpg,ROUGH LEG BUZZARD
590.jpg,BLONDE CRESTED WOODPECKER
591.jpg,HARPY EAGLE
592.jpg,WOOD DUCK
593.jpg,GREEN MAGPIE
594.jpg,RAZORBILL
595.jpg,BLACK SWAN
596.jpg,RED FACED CORMORANT
597.jpg,CALIFORNIA QUAIL
598.jpg,WILSONS BIRD OF PARADISE
599.jpg,ASIAN CRESTED IBIS
600.jpg,BARN SWALLOW
601.jpg,BEARDED BELLBIRD
602.jpg,STRAWBERRY FINCH
603.jpg,PARADISE TANAGER
604.jpg,BLACK SWAN
605.jpg,GREEN BROADBILL
606.jpg,CRIMSON SUNBIRD
607.jpg,CRESTED CARACARA
608.jpg,DOUBLE BRESTED CORMARANT
609.jpg,BEARDED BELLBIRD
610.jpg,BLONDE CRESTED WOODPECKER
611.jpg,ALEXANDRINE PARAKEET
612.jpg,BLACKBURNIAM WARBLER
613.jpg,CROWNED PIGEON
614.jpg,COMMON GRACKLE
615.jpg,PARUS MAJOR
616.jpg,NORTHERN FLICKER
617.jpg,OKINAWA RAIL
618.jpg,RUBY THROATED HUMMINGBIRD
619.jpg,FIRE TAILLED MYZORNIS
620.jpg,BELTED KINGFISHER
621.jpg,NORTHERN RED BISHOP
622.jpg,BANANAQUIT
623.jpg,IMPERIAL SHAQ
624.jpg,BLACK TAIL CRAKE
625.jpg,BLUE HERON
626.jpg,BLACK-NECKED GREBE
627.jpg,HOATZIN
628.jpg,RED BEARDED BEE EATER
629.jpg,CROWNED PIGEON
630.jpg,MAGPIE GOOSE
631.jpg,KILLDEAR
632.jpg,STRAWBERRY FINCH
633.jpg,TIT MOUSE
634.jpg,LONG-EARED OWL
635.jpg,GOLDEN CHEEKED WARBLER
636.jpg,TAKAHE
637.jpg,BANDED BROADBILL
638.jpg,AMERICAN BITTERN
639.jpg,SANDHILL CRANE
640.jpg,TRUMPTER SWAN
641.jpg,VENEZUELIAN TROUPIAL
642.jpg,COMMON HOUSE MARTIN
643.jpg,RED WISKERED BULBUL
644.jpg,ROADRUNNER
645.jpg,BLACK THROATED WARBLER
646.jpg,BALI STARLING
647.jpg,CACTUS WREN
648.jpg,GOLDEN EAGLE
649.jpg,KAGU
650.jpg,COMMON STARLING
651.jpg,WOOD DUCK
652.jpg,GOLDEN PHEASANT
653.jpg,AMERICAN COOT
654.jpg,BLACK TAIL CRAKE
655.jpg,TIT MOUSE
656.jpg,ROYAL FLYCATCHER
657.jpg,RED WINGED BLACKBIRD
658.jpg,SCARLET IBIS
659.jpg,RED HEADED WOODPECKER
660.jpg,EMU
661.jpg,BORNEAN PHEASANT
662.jpg,PURPLE MARTIN
663.jpg,UMBRELLA BIRD
664.jpg,RUBY THROATED HUMMINGBIRD
665.jpg,RAINBOW LORIKEET
666.jpg,PURPLE SWAMPHEN
667.jpg,SUPERB STARLING
668.jpg,CHARA DE COLLAR
669.jpg,AMERICAN COOT
670.jpg,RUFUOS MOTMOT
671.jpg,PARAKETT  AKULET
672.jpg,HAWAIIAN GOOSE
673.jpg,CUBAN TROGON
674.jpg,BAY-BREASTED WARBLER
675.jpg,BARN OWL
676.jpg,KING VULTURE
677.jpg,CLARKS NUTCRACKER
678.jpg,WHITE CHEEKED TURACO
679.jpg,PARUS MAJOR
680.jpg,COMMON POORWILL
681.jpg,RING-NECKED PHEASANT
682.jpg,KILLDEAR
683.jpg,DOWNY WOODPECKER
684.jpg,MYNA
685.jpg,REGENT BOWERBIRD
686.jpg,FLAMINGO
687.jpg,COMMON POORWILL
688.jpg,ROSY FACED LOVEBIRD
689.jpg,CALIFORNIA CONDOR
690.jpg,OSTRICH
691.jpg,RUFUOS MOTMOT
692.jpg,PYGMY KINGFISHER
693.jpg,BALD IBIS
694.jpg,CEDAR WAXWING
695.jpg,GO AWAY BIRD
696.jpg,PUFFIN
697.jpg,PEREGRINE FALCON
698.jpg,CROW
699.jpg,COLLARED ARACARI
700.jpg,PALILA
701.jpg,TOWNSENDS WARBLER
702.jpg,MAGPIE GOOSE
703.jpg,MALACHITE KINGFISHER
704.jpg,RED NAPED TROGON
705.jpg,TURQUOISE MOTMOT
706.jpg,HORNBILL
707.jpg,GANG GANG COCKATOO
708.jpg,ROSY FACED LOVEBIRD
709.jpg,BORNEAN LEAFBIRD
710.jpg,CRESTED NUTHATCH
711.jpg,ANNAS HUMMINGBIRD
712.jpg,VULTURINE GUINEAFOWL
713.jpg,CARMINE BEE-EATER
714.jpg,ROUGH LEG BUZZARD
715.jpg,CLARKS NUTCRACKER
716.jpg,NICOBAR PIGEON
717.jpg,MANDRIN DUCK
718.jpg,CEDAR WAXWING
719.jpg,HOODED MERGANSER
720.jpg,LEARS MACAW
721.jpg,WHIMBREL
722.jpg,AMERICAN BITTERN
723.jpg,SAND MARTIN
724.jpg,CRESTED AUKLET
725.jpg,BLUE HERON
726.jpg,MALACHITE KINGFISHER
727.jpg,ASIAN CRESTED IBIS
728.jpg,BANDED BROADBILL
729.jpg,WHITE THROATED BEE EATER
730.jpg,PYGMY KINGFISHER
731.jpg,TRUMPTER SWAN
732.jpg,FAIRY BLUEBIRD
733.jpg,HOOPOES
734.jpg,GAMBELS QUAIL
735.jpg,SCARLET MACAW
736.jpg,LARK BUNTING
737.jpg,WILD TURKEY
738.jpg,EVENING GROSBEAK
739.jpg,RED HEADED WOODPECKER
740.jpg,WATTLED CURASSOW
741.jpg,REGENT BOWERBIRD
742.jpg,HELMET VANGA
743.jpg,EASTERN MEADOWLARK
744.jpg,PHILIPPINE EAGLE
745.jpg,BROWN NOODY
746.jpg,CINNAMON TEAL
747.jpg,RED HEADED DUCK
748.jpg,GOLDEN PIPIT
749.jpg,BORNEAN LEAFBIRD
750.jpg,RED HONEY CREEPER
751.jpg,AMERICAN PIPIT
752.jpg,HOUSE FINCH
753.jpg,NORTHERN FLICKER
754.jpg,CINNAMON TEAL
755.jpg,CEDAR WAXWING
756.jpg,MYNA
757.jpg,CROWNED PIGEON
758.jpg,BARN OWL
759.jpg,GUINEA TURACO
760.jpg,GILA WOODPECKER
761.jpg,SNOWY OWL
762.jpg,HOODED MERGANSER
763.jpg,ROCK DOVE
764.jpg,FLAMINGO
765.jpg,ROCK DOVE
766.jpg,COMMON POORWILL
767.jpg,TOUCHAN
768.jpg,CURL CRESTED ARACURI
769.jpg,NORTHERN JACANA
770.jpg,TOUCHAN
771.jpg,GYRFALCON
772.jpg,BLACK & YELLOW bROADBILL
773.jpg,BANANAQUIT
774.jpg,RUDY KINGFISHER
775.jpg,NORTHERN MOCKINGBIRD
776.jpg,VARIED THRUSH
777.jpg,SHORT BILLED DOWITCHER
778.jpg,SHOEBILL
779.jpg,HARPY EAGLE
780.jpg,CALIFORNIA QUAIL
781.jpg,BLACK SWAN
782.jpg,CEDAR WAXWING
783.jpg,DOUBLE BRESTED CORMARANT
784.jpg,COUCHS KINGBIRD
785.jpg,VARIED THRUSH
786.jpg,BALI STARLING
787.jpg,RED WINGED BLACKBIRD
788.jpg,WATTLED CURASSOW
789.jpg,LILAC ROLLER
790.jpg,SPLENDID WREN
791.jpg,WHITE NECKED RAVEN
792.jpg,ARARIPE MANAKIN
793.jpg,GUINEAFOWL
794.jpg,COMMON STARLING
795.jpg,AFRICAN CROWNED CRANE
796.jpg,GREAT POTOO
797.jpg,STRAWBERRY FINCH
798.jpg,HOOPOES
799.jpg,ANTBIRD
800.jpg,COCK OF THE  ROCK
801.jpg,CACTUS WREN
802.jpg,GREEN MAGPIE
803.jpg,SANDHILL CRANE
804.jpg,BULWERS PHEASANT
805.jpg,TAKAHE
806.jpg,LARK BUNTING
807.jpg,ROSY FACED LOVEBIRD
808.jpg,BANANAQUIT
809.jpg,GOLDEN PHEASANT
810.jpg,CARMINE BEE-EATER
811.jpg,GREATOR SAGE GROUSE
812.jpg,BALD EAGLE
813.jpg,PAINTED BUNTIG
814.jpg,QUETZAL
815.jpg,BOBOLINK
816.jpg,OYSTER CATCHER
817.jpg,RED HEADED WOODPECKER
818.jpg,PARAKETT  AKULET
819.jpg,SHOEBILL
820.jpg,HELMET VANGA
821.jpg,AMERICAN BITTERN
822.jpg,GOLDEN CHLOROPHONIA
823.jpg,RED HONEY CREEPER
824.jpg,MALLARD DUCK
825.jpg,PEACOCK
826.jpg,SAND MARTIN
827.jpg,BALD IBIS
828.jpg,RUFUOS MOTMOT
829.jpg,STRIPPED SWALLOW
830.jpg,INCA TERN
831.jpg,CHARA DE COLLAR
832.jpg,BROWN THRASHER
833.jpg,SPOON BILED SANDPIPER
834.jpg,ROYAL FLYCATCHER
835.jpg,HOUSE FINCH
836.jpg,NORTHERN SHOVELER
837.jpg,VENEZUELIAN TROUPIAL
838.jpg,PARAKETT  AKULET
839.jpg,GOLDEN CHEEKED WARBLER
840.jpg,INDIGO BUNTING
841.jpg,MALAGASY WHITE EYE
842.jpg,GOULDIAN FINCH
843.jpg,ANNAS HUMMINGBIRD
844.jpg,PAINTED BUNTIG
845.jpg,SPLENDID WREN
846.jpg,JAVA SPARROW
847.jpg,VICTORIA CROWNED PIGEON
848.jpg,ANHINGA
849.jpg,OCELLATED TURKEY
850.jpg,GRAY PARTRIDGE
851.jpg,GILDED FLICKER
852.jpg,COMMON FIRECREST
853.jpg,OVENBIRD
854.jpg,CRESTED NUTHATCH
855.jpg,JAVA SPARROW
856.jpg,BLACK FRANCOLIN
857.jpg,NORTHERN JACANA
858.jpg,CALIFORNIA CONDOR
859.jpg,TRUMPTER SWAN
860.jpg,BOBOLINK
861.jpg,GREEN MAGPIE
862.jpg,BROWN CREPPER
863.jpg,SORA
864.jpg,AFRICAN FIREFINCH
865.jpg,COMMON FIRECREST
866.jpg,CHARA DE COLLAR
867.jpg,ARARIPE MANAKIN
868.jpg,CAPPED HERON
869.jpg,REGENT BOWERBIRD
870.jpg,BROWN THRASHER
871.jpg,SPANGLED COTINGA
872.jpg,ANTBIRD
873.jpg,ROBIN
874.jpg,KING VULTURE
875.jpg,OKINAWA RAIL
876.jpg,GUINEAFOWL
877.jpg,BLACK VULTURE
878.jpg,ALBATROSS
879.jpg,TRUMPTER SWAN
880.jpg,ANNAS HUMMINGBIRD
881.jpg,GREEN BROADBILL
882.jpg,BALTIMORE ORIOLE
883.jpg,RED HEADED DUCK
884.jpg,NORTHERN SHOVELER
885.jpg,SPANGLED COTINGA
886.jpg,BORNEAN BRISTLEHEAD
887.jpg,SAND MARTIN
888.jpg,BOBOLINK
889.jpg,CERULEAN WARBLER
890.jpg,SUPERB STARLING
891.jpg,CUBAN TROGON
892.jpg,BELTED KINGFISHER
893.jpg,CAPUCHINBIRD
894.jpg,ROBIN
895.jpg,OSTRICH
896.jpg,CHIPPING SPARROW
897.jpg,RED FACED CORMORANT
898.jpg,PAINTED BUNTIG
899.jpg,SPOONBILL
900.jpg,GUINEA TURACO
901.jpg,WILD TURKEY
902.jpg,HAWAIIAN GOOSE
903.jpg,PAINTED BUNTIG
904.jpg,BALD EAGLE
905.jpg,FIRE TAILLED MYZORNIS
906.jpg,HOUSE SPARROW
907.jpg,CRESTED NUTHATCH
908.jpg,HOUSE FINCH
909.jpg,EURASIAN MAGPIE
910.jpg,EURASIAN GOLDEN ORIOLE
911.jpg,SCARLET TANAGER
912.jpg,BALTIMORE ORIOLE
913.jpg,SHOEBILL
914.jpg,VARIED THRUSH
915.jpg,PEACOCK
916.jpg,SAMATRAN THRUSH
917.jpg,WALL CREAPER
918.jpg,BLACK VULTURE
919.jpg,BIRD OF PARADISE
920.jpg,HORNED SUNGEM
921.jpg,ENGGANO MYNA
922.jpg,VIOLET GREEN SWALLOW
923.jpg,HORNED LARK
924.jpg,BEARDED BELLBIRD
925.jpg,HOUSE SPARROW
926.jpg,SHOEBILL
927.jpg,COMMON FIRECREST
928.jpg,SHORT BILLED DOWITCHER
929.jpg,EASTERN ROSELLA
930.jpg,TURKEY VULTURE
931.jpg,BLONDE CRESTED WOODPECKER
932.jpg,UMBRELLA BIRD
933.jpg,OVENBIRD
934.jpg,SWINHOES PHEASANT
935.jpg,CAPUCHINBIRD
936.jpg,HOUSE SPARROW
937.jpg,COLLARED ARACARI
938.jpg,RED HEADED DUCK
939.jpg,CAPUCHINBIRD
940.jpg,ROBIN
941.jpg,COLLARED ARACARI
942.jpg,RUBY THROATED HUMMINGBIRD
943.jpg,INDIAN PITTA
944.jpg,BORNEAN BRISTLEHEAD
945.jpg,SNOWY OWL
946.jpg,ROCK DOVE
947.jpg,BARN SWALLOW
948.jpg,RED WINGED BLACKBIRD
949.jpg,HAWAIIAN GOOSE
950.jpg,ORANGE BRESTED BUNTING
951.jpg,RED BEARDED BEE EATER
952.jpg,BALD EAGLE
953.jpg,BLACK SKIMMER
954.jpg,GREEN JAY
955.jpg,ANHINGA
956.jpg,GYRFALCON
957.jpg,SUPERB STARLING
958.jpg,PALILA
959.jpg,ARARIPE MANAKIN
960.jpg,TEAL DUCK
961.jpg,TASMANIAN HEN
962.jpg,TREE SWALLOW
963.jpg,TOUCHAN
964.jpg,GOLD WING WARBLER
965.jpg,OCELLATED TURKEY
966.jpg,ALBATROSS
967.jpg,CRESTED NUTHATCH
968.jpg,RED BEARDED BEE EATER
969.jpg,YELLOW CACIQUE
970.jpg,COMMON POORWILL
971.jpg,BARN SWALLOW
972.jpg,TAIWAN MAGPIE
973.jpg,MALACHITE KINGFISHER
974.jpg,WHIMBREL
975.jpg,SNOWY OWL
976.jpg,GREEN JAY
977.jpg,HOUSE SPARROW
978.jpg,COMMON LOON
979.jpg,NORTHERN CARDINAL
980.jpg,WHITE TAILED TROPIC
981.jpg,CROW
982.jpg,CARMINE BEE-EATER
983.jpg,CASSOWARY
984.jpg,TOWNSENDS WARBLER
985.jpg,CAPPED HERON
986.jpg,BAR-TAILED GODWIT
987.jpg,EMU
988.jpg,BALI STARLING
989.jpg,PEACOCK
990.jpg,MALACHITE KINGFISHER
991.jpg,BELTED KINGFISHER
992.jpg,TEAL DUCK
993.jpg,WALL CREAPER
994.jpg,VENEZUELIAN TROUPIAL
995.jpg,JAVA SPARROW
996.jpg,GUINEA TURACO
997.jpg,AMERICAN AVOCET
998.jpg,BARN OWL
999.jpg,RUBY THROATED HUMMINGBIRD
1000.jpg,QUETZAL
1001.jpg,CLARKS NUTCRACKER
1002.jpg,BROWN NOODY
1003.jpg,NORTHERN RED BISHOP
1004.jpg,MASKED BOOBY
1005.jpg,CUBAN TODY
1006.jpg,ANTBIRD
1007.jpg,BLACK-CAPPED CHICKADEE
1008.jpg,KAKAPO
1009.jpg,SPOONBILL
1010.jpg,VERMILION FLYCATHER
1011.jpg,RED TAILED THRUSH
1012.jpg,D-ARNAUDS BARBET
1013.jpg,LEARS MACAW
1014.jpg,BORNEAN BRISTLEHEAD
1015.jpg,BORNEAN PHEASANT
1016.jpg,BORNEAN PHEASANT
1017.jpg,HORNED GUAN
1018.jpg,LARK BUNTING
1019.jpg,DOWNY WOODPECKER
1020.jpg,BANDED BROADBILL
1021.jpg,PARADISE TANAGER
1022.jpg,ROSY FACED LOVEBIRD
1023.jpg,TOUCHAN
1024.jpg,MALEO
1025.jpg,VULTURINE GUINEAFOWL
1026.jpg,DOUBLE BRESTED CORMARANT
1027.jpg,EVENING GROSBEAK
1028.jpg,MARABOU STORK
1029.jpg,STORK BILLED KINGFISHER
1030.jpg,MARABOU STORK
1031.jpg,AMERICAN BITTERN
1032.jpg,ANTBIRD
1033.jpg,BALD IBIS
1034.jpg,STRIPPED SWALLOW
1035.jpg,GAMBELS QUAIL
1036.jpg,BELTED KINGFISHER
1037.jpg,SAMATRAN THRUSH
1038.jpg,GYRFALCON
1039.jpg,TASMANIAN HEN
1040.jpg,INDIAN PITTA
1041.jpg,BULWERS PHEASANT
1042.jpg,BORNEAN PHEASANT
1043.jpg,INDIAN BUSTARD
1044.jpg,BLUE GROUSE
1045.jpg,GOLDEN CHEEKED WARBLER
1046.jpg,CACTUS WREN
1047.jpg,SPOON BILED SANDPIPER
1048.jpg,PEREGRINE FALCON
1049.jpg,SHOEBILL
1050.jpg,TRUMPTER SWAN
1051.jpg,BLACK VULTURE
1052.jpg,AMERICAN BITTERN
1053.jpg,BARN SWALLOW
1054.jpg,CAPPED HERON
1055.jpg,GREEN MAGPIE
1056.jpg,VULTURINE GUINEAFOWL
1057.jpg,RED FACED CORMORANT
1058.jpg,EMU
1059.jpg,PEACOCK
1060.jpg,MALAGASY WHITE EYE
1061.jpg,COMMON GRACKLE
1062.jpg,BLACK-CAPPED CHICKADEE
1063.jpg,BLACK TAIL CRAKE
1064.jpg,PUFFIN
1065.jpg,SCARLET MACAW
1066.jpg,OYSTER CATCHER
1067.jpg,BIRD OF PARADISE
1068.jpg,SORA
1069.jpg,CHUKAR PARTRIDGE
1070.jpg,GRAY PARTRIDGE
1071.jpg,SAMATRAN THRUSH
1072.jpg,ELLIOTS  PHEASANT
1073.jpg,CRESTED AUKLET
1074.jpg,BLACK THROATED BUSHTIT
1075.jpg,FIRE TAILLED MYZORNIS
1076.jpg,TOUCHAN
1077.jpg,MASKED BOOBY
1078.jpg,VIOLET GREEN SWALLOW
1079.jpg,BLACK SKIMMER
1080.jpg,BIRD OF PARADISE
1081.jpg,PARADISE TANAGER
1082.jpg,DOUBLE BRESTED CORMARANT
1083.jpg,MAGPIE GOOSE
1084.jpg,SMITHS LONGSPUR
1085.jpg,ROYAL FLYCATCHER
1086.jpg,SMITHS LONGSPUR
1087.jpg,HORNED LARK
1088.jpg,MASKED BOOBY
1089.jpg,PEREGRINE FALCON
1090.jpg,KOOKABURRA
1091.jpg,FLAMINGO
1092.jpg,BLACK SWAN
1093.jpg,WILSONS BIRD OF PARADISE
1094.jpg,NORTHERN SHOVELER
1095.jpg,RING-NECKED PHEASANT
1096.jpg,RUDY KINGFISHER
1097.jpg,CUBAN TROGON
1098.jpg,EURASIAN GOLDEN ORIOLE
1099.jpg,OKINAWA RAIL
1100.jpg,BALD EAGLE
1101.jpg,PURPLE FINCH
1102.jpg,CRESTED NUTHATCH
1103.jpg,TIT MOUSE
1104.jpg,BALI STARLING
1105.jpg,MOURNING DOVE
1106.jpg,CHARA DE COLLAR
1107.jpg,GREATOR SAGE GROUSE
1108.jpg,RED HEADED WOODPECKER
1109.jpg,CHUKAR PARTRIDGE
1110.jpg,EASTERN MEADOWLARK
1111.jpg,AMERICAN KESTREL
1112.jpg,EMU
1113.jpg,AMERICAN GOLDFINCH
1114.jpg,EASTERN ROSELLA
1115.jpg,HOOPOES
1116.jpg,COUCHS KINGBIRD
1117.jpg,ANHINGA
1118.jpg,STRIPPED MANAKIN
1119.jpg,GILA WOODPECKER
1120.jpg,BALD IBIS
1121.jpg,GREATOR SAGE GROUSE
1122.jpg,TOWNSENDS WARBLER
1123.jpg,EASTERN MEADOWLARK
1124.jpg,MYNA
1125.jpg,NORTHERN CARDINAL
1126.jpg,SUPERB STARLING
1127.jpg,SNOWY EGRET
1128.jpg,PINK ROBIN
1129.jpg,FRIGATE
1130.jpg,EMPEROR PENGUIN
1131.jpg,NORTHERN CARDINAL
1132.jpg,BANDED BROADBILL
1133.jpg,PURPLE FINCH
1134.jpg,HORNED LARK
1135.jpg,COMMON LOON
1136.jpg,FLAMINGO
1137.jpg,HOUSE FINCH
1138.jpg,BROWN THRASHER
1139.jpg,NORTHERN JACANA
1140.jpg,ROBIN
1141.jpg,GANG GANG COCKATOO
1142.jpg,RED TAILED THRUSH
1143.jpg,FAIRY BLUEBIRD
1144.jpg,WILSONS BIRD OF PARADISE
1145.jpg,DOWNY WOODPECKER
1146.jpg,BULWERS PHEASANT
1147.jpg,DOUBLE BARRED FINCH
1148.jpg,INDIAN PITTA
1149.jpg,CASPIAN TERN
1150.jpg,GOLDEN PIPIT
1151.jpg,WHITE THROATED BEE EATER
1152.jpg,COMMON POORWILL
1153.jpg,GOULDIAN FINCH
1154.jpg,BARRED PUFFBIRD
1155.jpg,SPOON BILED SANDPIPER
1156.jpg,GREY PLOVER
1157.jpg,DOWNY WOODPECKER
1158.jpg,KIWI
1159.jpg,RING-NECKED PHEASANT
1160.jpg,EURASIAN GOLDEN ORIOLE
1161.jpg,TAIWAN MAGPIE
1162.jpg,SCARLET TANAGER
1163.jpg,GOLD WING WARBLER
1164.jpg,PURPLE MARTIN
1165.jpg,NORTHERN CARDINAL
1166.jpg,PHILIPPINE EAGLE
1167.jpg,JABIRU
1168.jpg,MALEO
1169.jpg,STRAWBERRY FINCH
1170.jpg,CRESTED AUKLET
1171.jpg,DARK EYED JUNCO
1172.jpg,GILA WOODPECKER
1173.jpg,MIKADO  PHEASANT
1174.jpg,MALABAR HORNBILL
1175.jpg,BLACK VULTURE
1176.jpg,WHIMBREL
1177.jpg,ROADRUNNER
1178.jpg,STEAMER DUCK
1179.jpg,MAGPIE GOOSE
1180.jpg,GREY PLOVER
1181.jpg,VERMILION FLYCATHER
1182.jpg,VICTORIA CROWNED PIGEON
1183.jpg,HARPY EAGLE
1184.jpg,ARARIPE MANAKIN
1185.jpg,ROYAL FLYCATCHER
1186.jpg,GRAY CATBIRD
1187.jpg,RED TAILED THRUSH
1188.jpg,COMMON LOON
1189.jpg,BLACK THROATED BUSHTIT
1190.jpg,CRESTED AUKLET
1191.jpg,CALIFORNIA GULL
1192.jpg,GREEN JAY
1193.jpg,ASIAN CRESTED IBIS
1194.jpg,INDIAN PITTA
1195.jpg,COMMON STARLING
1196.jpg,COMMON STARLING
1197.jpg,UMBRELLA BIRD
1198.jpg,HORNBILL
1199.jpg,CANARY
1200.jpg,LONG-EARED OWL
1201.jpg,MALEO
1202.jpg,AFRICAN FIREFINCH
1203.jpg,RED NAPED TROGON
1204.jpg,GOLDEN CHLOROPHONIA
1205.jpg,RUDY KINGFISHER
1206.jpg,WILSONS BIRD OF PARADISE
1207.jpg,HELMET VANGA
1208.jpg,BARN OWL
1209.jpg,HARPY EAGLE
1210.jpg,GUINEAFOWL
1211.jpg,BLUE GROUSE
1212.jpg,NORTHERN BALD IBIS
1213.jpg,COCKATOO
1214.jpg,PARADISE TANAGER
1215.jpg,STRIPPED SWALLOW
1216.jpg,INCA TERN
1217.jpg,PURPLE MARTIN
1218.jpg,GOLDEN CHLOROPHONIA
1219.jpg,BLACK VULTURE
1220.jpg,OSTRICH
1221.jpg,AMERICAN GOLDFINCH
1222.jpg,COUCHS KINGBIRD
1223.jpg,MALEO
1224.jpg,FIRE TAILLED MYZORNIS
1225.jpg,SCARLET MACAW
1226.jpg,ROCK DOVE
1227.jpg,GOULDIAN FINCH
1228.jpg,SCARLET TANAGER
1229.jpg,TRUMPTER SWAN
1230.jpg,ANHINGA
1231.jpg,SAMATRAN THRUSH
1232.jpg,GOLDEN EAGLE
1233.jpg,SHORT BILLED DOWITCHER
1234.jpg,YELLOW HEADED BLACKBIRD
1235.jpg,BULWERS PHEASANT
1236.jpg,CURL CRESTED ARACURI
1237.jpg,PURPLE MARTIN
1238.jpg,NORTHERN RED BISHOP
1239.jpg,RED FACED WARBLER
1240.jpg,BLUE GROUSE
1241.jpg,EMPEROR PENGUIN
1242.jpg,CRESTED CARACARA
1243.jpg,VENEZUELIAN TROUPIAL
1244.jpg,CLARKS NUTCRACKER
1245.jpg,RING-NECKED PHEASANT
1246.jpg,OVENBIRD
1247.jpg,NORTHERN MOCKINGBIRD
1248.jpg,OYSTER CATCHER
1249.jpg,GOLD WING WARBLER
1250.jpg,CUBAN TODY
1251.jpg,ASIAN CRESTED IBIS
1252.jpg,BARN OWL
1253.jpg,CANARY
1254.jpg,NORTHERN PARULA
1255.jpg,ANTBIRD
1256.jpg,AMERICAN REDSTART
1257.jpg,GOLDEN PHEASANT
1258.jpg,ANNAS HUMMINGBIRD
1259.jpg,BLACK-CAPPED CHICKADEE
1260.jpg,COUCHS KINGBIRD
1261.jpg,ELEGANT TROGON
1262.jpg,DARK EYED JUNCO
1263.jpg,RUBY THROATED HUMMINGBIRD
1264.jpg,NORTHERN GOSHAWK
1265.jpg,OCELLATED TURKEY
1266.jpg,BARN OWL
1267.jpg,SWINHOES PHEASANT
1268.jpg,PUFFIN
1269.jpg,VERMILION FLYCATHER
1270.jpg,YELLOW HEADED BLACKBIRD
1271.jpg,GRAY PARTRIDGE
1272.jpg,DOUBLE BARRED FINCH
1273.jpg,GLOSSY IBIS
1274.jpg,DOUBLE BRESTED CORMARANT
1275.jpg,VULTURINE GUINEAFOWL
1276.jpg,ROADRUNNER
1277.jpg,NORTHERN MOCKINGBIRD
1278.jpg,BEARDED BELLBIRD
1279.jpg,COLLARED ARACARI
1280.jpg,BULWERS PHEASANT
1281.jpg,WHITE TAILED TROPIC
1282.jpg,STRIPPED MANAKIN
1283.jpg,MIKADO  PHEASANT
1284.jpg,NORTHERN PARULA
1285.jpg,NORTHERN RED BISHOP
1286.jpg,MALEO
1287.jpg,BARN SWALLOW
1288.jpg,MALACHITE KINGFISHER
1289.jpg,SCARLET TANAGER
1290.jpg,COUCHS KINGBIRD
1291.jpg,SNOWY OWL
1292.jpg,VICTORIA CROWNED PIGEON
1293.jpg,GRAY CATBIRD
1294.jpg,ROYAL FLYCATCHER
1295.jpg,FRIGATE
1296.jpg,HIMALAYAN MONAL
1297.jpg,ASIAN CRESTED IBIS
1298.jpg,RED TAILED HAWK
1299.jpg,DOWNY WOODPECKER
1300.jpg,HAWAIIAN GOOSE
1301.jpg,BLACK SKIMMER
1302.jpg,GREY PLOVER
1303.jpg,KAKAPO
1304.jpg,BORNEAN LEAFBIRD
1305.jpg,EASTERN ROSELLA
1306.jpg,BROWN CREPPER
1307.jpg,GOLDEN PIPIT
1308.jpg,BARRED PUFFBIRD
1309.jpg,GANG GANG COCKATOO
1310.jpg,RED HEADED DUCK
1311.jpg,TURKEY VULTURE
1312.jpg,TRUMPTER SWAN
1313.jpg,COMMON LOON
1314.jpg,EASTERN TOWEE
1315.jpg,HARPY EAGLE
1316.jpg,NORTHERN MOCKINGBIRD
1317.jpg,GREY PLOVER
1318.jpg,INCA TERN
1319.jpg,GUINEA TURACO
1320.jpg,RUDY KINGFISHER
1321.jpg,RED BROWED FINCH
1322.jpg,BORNEAN PHEASANT
1323.jpg,STEAMER DUCK
1324.jpg,STEAMER DUCK
1325.jpg,PURPLE GALLINULE
1326.jpg,TOWNSENDS WARBLER
1327.jpg,GREEN BROADBILL
1328.jpg,PUFFIN
1329.jpg,CACTUS WREN
1330.jpg,GAMBELS QUAIL
1331.jpg,KING VULTURE
1332.jpg,WHITE NECKED RAVEN
1333.jpg,GOLDEN EAGLE
1334.jpg,GOLDEN CHEEKED WARBLER
1335.jpg,BLUE HERON
1336.jpg,SRI LANKA BLUE MAGPIE
1337.jpg,WALL CREAPER
1338.jpg,WHITE THROATED BEE EATER
1339.jpg,BLACK-NECKED GREBE
1340.jpg,WILSONS BIRD OF PARADISE
1341.jpg,GO AWAY BIRD
1342.jpg,BEARDED BARBET
1343.jpg,BLACK THROATED BUSHTIT
1344.jpg,RED FACED WARBLER
1345.jpg,GILA WOODPECKER
1346.jpg,COLLARED ARACARI
1347.jpg,STRIPPED MANAKIN
1348.jpg,PURPLE GALLINULE
1349.jpg,PEREGRINE FALCON
1350.jpg,NOISY FRIARBIRD
1351.jpg,AMERICAN BITTERN
1352.jpg,CAPPED HERON
1353.jpg,GYRFALCON
1354.jpg,RING-NECKED PHEASANT
1355.jpg,BLACK THROATED BUSHTIT
1356.jpg,PARUS MAJOR
1357.jpg,TAIWAN MAGPIE
1358.jpg,TOWNSENDS WARBLER
1359.jpg,TAKAHE
1360.jpg,BROWN THRASHER
1361.jpg,TURQUOISE MOTMOT
1362.jpg,RED BELLIED PITTA
1363.jpg,GRAY PARTRIDGE
1364.jpg,RED FACED WARBLER
1365.jpg,ROCK DOVE
1366.jpg,RED BELLIED PITTA
1367.jpg,OVENBIRD
1368.jpg,CALIFORNIA QUAIL
1369.jpg,INDIAN BUSTARD
1370.jpg,QUETZAL
1371.jpg,EURASIAN GOLDEN ORIOLE
1372.jpg,RED WISKERED BULBUL
1373.jpg,ELLIOTS  PHEASANT
1374.jpg,BLACKBURNIAM WARBLER
1375.jpg,HOODED MERGANSER
1376.jpg,CLARKS NUTCRACKER
1377.jpg,SCARLET MACAW
1378.jpg,PAINTED BUNTIG
1379.jpg,MASKED LAPWING
1380.jpg,NORTHERN SHOVELER
1381.jpg,MALAGASY WHITE EYE
1382.jpg,VARIED THRUSH
1383.jpg,RAINBOW LORIKEET
1384.jpg,GOLDEN EAGLE
1385.jpg,CAPUCHINBIRD
1386.jpg,RED WINGED BLACKBIRD
1387.jpg,PHILIPPINE EAGLE
1388.jpg,CHIPPING SPARROW
1389.jpg,TAKAHE
1390.jpg,RED WISKERED BULBUL
1391.jpg,BLACK & YELLOW bROADBILL
1392.jpg,COCKATOO
1393.jpg,COMMON GRACKLE
1394.jpg,AMERICAN GOLDFINCH
1395.jpg,HORNED LARK
1396.jpg,BLACK SKIMMER
1397.jpg,BROWN NOODY
1398.jpg,LILAC ROLLER
1399.jpg,BARN OWL
1400.jpg,AFRICAN FIREFINCH
1401.jpg,KAGU
1402.jpg,CASPIAN TERN
1403.jpg,GREATOR SAGE GROUSE
1404.jpg,RAZORBILL
1405.jpg,INDIAN PITTA
1406.jpg,SAMATRAN THRUSH
1407.jpg,COLLARED ARACARI
1408.jpg,SRI LANKA BLUE MAGPIE
1409.jpg,AMERICAN COOT
1410.jpg,CAPPED HERON
1411.jpg,COMMON GRACKLE
1412.jpg,NICOBAR PIGEON
1413.jpg,VERMILION FLYCATHER
1414.jpg,WALL CREAPER
1415.jpg,OYSTER CATCHER
1416.jpg,BLACK-THROATED SPARROW
1417.jpg,DARK EYED JUNCO
1418.jpg,CHIPPING SPARROW
1419.jpg,BLACK TAIL CRAKE
1420.jpg,FIRE TAILLED MYZORNIS
1421.jpg,GOLD WING WARBLER
1422.jpg,RED HEADED DUCK
1423.jpg,FLAME TANAGER
1424.jpg,AMERICAN PIPIT
1425.jpg,RED BELLIED PITTA
1426.jpg,BANDED PITA
1427.jpg,BAY-BREASTED WARBLER
1428.jpg,GOLDEN CHLOROPHONIA
1429.jpg,BLACK VULTURE
1430.jpg,ROADRUNNER
1431.jpg,CRESTED AUKLET
1432.jpg,CAPUCHINBIRD
1433.jpg,WHITE CHEEKED TURACO
1434.jpg,STRAWBERRY FINCH
1435.jpg,TASMANIAN HEN
1436.jpg,VULTURINE GUINEAFOWL
1437.jpg,BAR-TAILED GODWIT
1438.jpg,CAPUCHINBIRD
1439.jpg,WILD TURKEY
1440.jpg,RED TAILED THRUSH
1441.jpg,SCARLET TANAGER
1442.jpg,SHOEBILL
1443.jpg,BLACK-CAPPED CHICKADEE
1444.jpg,RED BELLIED PITTA
1445.jpg,CAPUCHINBIRD
1446.jpg,PUFFIN
1447.jpg,PALILA
1448.jpg,GOLDEN PIPIT
1449.jpg,OYSTER CATCHER
1450.jpg,CANARY
1451.jpg,VICTORIA CROWNED PIGEON
1452.jpg,SNOWY OWL
1453.jpg,NORTHERN BALD IBIS
1454.jpg,BALI STARLING
1455.jpg,SRI LANKA BLUE MAGPIE
1456.jpg,GLOSSY IBIS
1457.jpg,JAVA SPARROW
1458.jpg,BALI STARLING
1459.jpg,KILLDEAR
1460.jpg,RUDY KINGFISHER
1461.jpg,CAPE MAY WARBLER
1462.jpg,BEARDED BARBET
1463.jpg,GREAT POTOO
1464.jpg,BANDED BROADBILL
1465.jpg,TASMANIAN HEN
1466.jpg,REGENT BOWERBIRD
1467.jpg,EASTERN BLUEBIRD
1468.jpg,WILD TURKEY
1469.jpg,RED BELLIED PITTA
1470.jpg,SHORT BILLED DOWITCHER
1471.jpg,AMERICAN COOT
1472.jpg,EMPEROR PENGUIN
1473.jpg,GILDED FLICKER
1474.jpg,RAZORBILL
1475.jpg,OSPREY
1476.jpg,WHIMBREL
1477.jpg,GYRFALCON
1478.jpg,EVENING GROSBEAK
1479.jpg,MARABOU STORK
1480.jpg,NORTHERN PARULA
1481.jpg,SORA
1482.jpg,CRESTED CARACARA
1483.jpg,VULTURINE GUINEAFOWL
1484.jpg,RUFOUS KINGFISHER
1485.jpg,CASPIAN TERN
1486.jpg,CASSOWARY
1487.jpg,RED BELLIED PITTA
1488.jpg,VARIED THRUSH
1489.jpg,BLACK VULTURE
1490.jpg,KOOKABURRA
1491.jpg,TAKAHE
1492.jpg,INDIAN BUSTARD
1493.jpg,CUBAN TROGON
1494.jpg,COMMON HOUSE MARTIN
1495.jpg,CERULEAN WARBLER
1496.jpg,HORNED SUNGEM
1497.jpg,COCK OF THE  ROCK
1498.jpg,RAINBOW LORIKEET
1499.jpg,MALLARD DUCK
1500.jpg,NORTHERN JACANA
1501.jpg,SHORT BILLED DOWITCHER
1502.jpg,SNOWY OWL
1503.jpg,SCARLET TANAGER
1504.jpg,AMERICAN AVOCET
1505.jpg,QUETZAL
1506.jpg,TRUMPTER SWAN
1507.jpg,INDIAN PITTA
1508.jpg,MAGPIE GOOSE
1509.jpg,NORTHERN BALD IBIS
1510.jpg,FLAME TANAGER
1511.jpg,STRIPPED MANAKIN
1512.jpg,RED NAPED TROGON
1513.jpg,HORNED LARK
1514.jpg,RED HEADED DUCK
1515.jpg,BORNEAN PHEASANT
1516.jpg,SCARLET TANAGER
1517.jpg,PELICAN
1518.jpg,SNOWY EGRET
1519.jpg,GOLDEN PHEASANT
1520.jpg,GILDED FLICKER
1521.jpg,SCARLET MACAW
1522.jpg,WHITE TAILED TROPIC
1523.jpg,HORNED LARK
1524.jpg,BLACK-NECKED GREBE
1525.jpg,STEAMER DUCK
1526.jpg,JABIRU
1527.jpg,CACTUS WREN
1528.jpg,PUFFIN
1529.jpg,COCK OF THE  ROCK
1530.jpg,VERMILION FLYCATHER
1531.jpg,BAR-TAILED GODWIT
1532.jpg,SCARLET TANAGER
1533.jpg,TEAL DUCK
1534.jpg,FRIGATE
1535.jpg,VERMILION FLYCATHER
1536.jpg,ANHINGA
1537.jpg,ALBATROSS
1538.jpg,AFRICAN FIREFINCH
1539.jpg,BAR-TAILED GODWIT
1540.jpg,ANNAS HUMMINGBIRD
1541.jpg,CACTUS WREN
1542.jpg,CACTUS WREN
1543.jpg,BLACK SKIMMER
1544.jpg,SCARLET TANAGER
1545.jpg,GILDED FLICKER
1546.jpg,GYRFALCON
1547.jpg,RED FACED WARBLER
1548.jpg,AMERICAN AVOCET
1549.jpg,GUINEA TURACO
1550.jpg,PUFFIN
1551.jpg,ELEGANT TROGON
1552.jpg,BARN SWALLOW
1553.jpg,SNOWY EGRET
1554.jpg,TRUMPTER SWAN
1555.jpg,TRUMPTER SWAN
1556.jpg,FLAMINGO
1557.jpg,INDIAN PITTA
1558.jpg,GUINEA TURACO
1559.jpg,D-ARNAUDS BARBET
1560.jpg,INDIAN PITTA
1561.jpg,NORTHERN BALD IBIS
1562.jpg,NORTHERN BALD IBIS
1563.jpg,BLACK SKIMMER
1564.jpg,SNOWY EGRET
1565.jpg,SCARLET TANAGER
1566.jpg,AFRICAN FIREFINCH
1567.jpg,GOLDEN PHEASANT
1568.jpg,COLLARED ARACARI
1569.jpg,SCARLET TANAGER
1570.jpg,COCK OF THE  ROCK
1571.jpg,TRUMPTER SWAN
1572.jpg,PELICAN
1573.jpg,ELEGANT TROGON
1574.jpg,SNOWY EGRET
1575.jpg,AFRICAN FIREFINCH
1576.jpg,GOLDEN PHEASANT
1577.jpg,CURL CRESTED ARACURI
1578.jpg,KOOKABURRA
1579.jpg,INDIAN PITTA
1580.jpg,TRUMPTER SWAN
1581.jpg,JABIRU
1582.jpg,VERMILION FLYCATHER
1583.jpg,FLAMINGO
1584.jpg,AFRICAN FIREFINCH
1585.jpg,TAIWAN MAGPIE
1586.jpg,ANTBIRD
1587.jpg,GOLDEN PHEASANT
1588.jpg,BLUE HERON
1589.jpg,SCARLET TANAGER
1590.jpg,COMMON LOON
1591.jpg,SCARLET TANAGER
1592.jpg,TRUMPTER SWAN
1593.jpg,NORTHERN BALD IBIS
1594.jpg,BLACK SKIMMER
1595.jpg,CRIMSON SUNBIRD
1596.jpg,CACTUS WREN
1597.jpg,ELEGANT TROGON
1598.jpg,NORTHERN GANNET
1599.jpg,BROWN CREPPER
1600.jpg,BALD IBIS
1601.jpg,SCARLET TANAGER
1602.jpg,SORA
1603.jpg,SCARLET TANAGER
1604.jpg,TURKEY VULTURE
1605.jpg,CAPPED HERON
1606.jpg,SNOWY EGRET
1607.jpg,BAR-TAILED GODWIT
1608.jpg,AFRICAN FIREFINCH
1609.jpg,RING-NECKED PHEASANT
1610.jpg,SCARLET TANAGER
1611.jpg,VERMILION FLYCATHER
1612.jpg,SCARLET TANAGER
1613.jpg,GUINEA TURACO
1614.jpg,SCARLET TANAGER
1615.jpg,TEAL DUCK
1616.jpg,BLUE HERON
1617.jpg,PUFFIN
1618.jpg,CHIPPING SPARROW
1619.jpg,OCELLATED TURKEY
1620.jpg,OYSTER CATCHER
1621.jpg,CUBAN TROGON
1622.jpg,WILD TURKEY
1623.jpg,RED TAILED HAWK
1624.jpg,HOUSE FINCH
1625.jpg,IMPERIAL SHAQ
1626.jpg,CALIFORNIA CONDOR
1627.jpg,COMMON FIRECREST
1628.jpg,GREY PLOVER
1629.jpg,AFRICAN CROWNED CRANE
1630.jpg,OKINAWA RAIL
1631.jpg,HORNED LARK
1632.jpg,TRUMPTER SWAN
1633.jpg,BORNEAN PHEASANT
1634.jpg,BANDED PITA
1635.jpg,PEREGRINE FALCON
1636.jpg,RED BROWED FINCH
1637.jpg,OSTRICH
1638.jpg,GUINEA TURACO
1639.jpg,ROYAL FLYCATCHER
1640.jpg,AMERICAN COOT
1641.jpg,PALILA
1642.jpg,BELTED KINGFISHER
1643.jpg,TEAL DUCK
1644.jpg,SCARLET TANAGER
1645.jpg,CRIMSON SUNBIRD
1646.jpg,BIRD OF PARADISE
1647.jpg,DOWNY WOODPECKER
1648.jpg,BOBOLINK
1649.jpg,CRESTED CARACARA
1650.jpg,GYRFALCON
1651.jpg,TRUMPTER SWAN
1652.jpg,NORTHERN FLICKER
1653.jpg,VIOLET GREEN SWALLOW
1654.jpg,COMMON FIRECREST
1655.jpg,KAGU
1656.jpg,COCK OF THE  ROCK
1657.jpg,GOLDEN CHLOROPHONIA
1658.jpg,BANDED BROADBILL
1659.jpg,CACTUS WREN
1660.jpg,MAGPIE GOOSE
1661.jpg,TOUCHAN
1662.jpg,HELMET VANGA
1663.jpg,HAWAIIAN GOOSE
1664.jpg,UMBRELLA BIRD
1665.jpg,COLLARED ARACARI
1666.jpg,EASTERN MEADOWLARK
1667.jpg,MASKED BOOBY
1668.jpg,GOLDEN PHEASANT
1669.jpg,STORK BILLED KINGFISHER
1670.jpg,HOATZIN
1671.jpg,PEACOCK
1672.jpg,TOUCHAN
1673.jpg,ANTBIRD
1674.jpg,KILLDEAR
1675.jpg,MALLARD DUCK
1676.jpg,STEAMER DUCK
1677.jpg,GOULDIAN FINCH
1678.jpg,VARIED THRUSH
1679.jpg,BALTIMORE ORIOLE
1680.jpg,JAVA SPARROW
1681.jpg,RED TAILED THRUSH
1682.jpg,HELMET VANGA
1683.jpg,JABIRU
1684.jpg,CLARKS NUTCRACKER
1685.jpg,BROWN THRASHER
1686.jpg,MANDRIN DUCK
1687.jpg,NORTHERN JACANA
1688.jpg,NORTHERN MOCKINGBIRD
1689.jpg,SHORT BILLED DOWITCHER
1690.jpg,GILA WOODPECKER
1691.jpg,TOWNSENDS WARBLER
1692.jpg,PAINTED BUNTIG
1693.jpg,SPOON BILED SANDPIPER
1694.jpg,LILAC ROLLER
1695.jpg,COMMON HOUSE MARTIN
1696.jpg,SHORT BILLED DOWITCHER
1697.jpg,NORTHERN RED BISHOP
1698.jpg,VULTURINE GUINEAFOWL
1699.jpg,EMPEROR PENGUIN
1700.jpg,BROWN CREPPER
1701.jpg,NORTHERN GOSHAWK
1702.jpg,SPLENDID WREN
1703.jpg,RUFUOS MOTMOT
1704.jpg,COUCHS KINGBIRD
1705.jpg,SCARLET MACAW
1706.jpg,MALEO
1707.jpg,YELLOW CACIQUE
1708.jpg,CHARA DE COLLAR
1709.jpg,BARN SWALLOW
1710.jpg,OKINAWA RAIL
1711.jpg,INDIAN BUSTARD
1712.jpg,ROUGH LEG BUZZARD
1713.jpg,INDIAN BUSTARD
1714.jpg,KIWI
1715.jpg,EASTERN TOWEE
1716.jpg,INCA TERN
1717.jpg,PARAKETT  AKULET
1718.jpg,WILD TURKEY
1719.jpg,SORA
1720.jpg,BLACK THROATED BUSHTIT
1721.jpg,CRIMSON SUNBIRD
1722.jpg,HOUSE FINCH
1723.jpg,DOWNY WOODPECKER
1724.jpg,RED FACED WARBLER
1725.jpg,RUFOUS KINGFISHER
1726.jpg,ROCK DOVE
1727.jpg,MOURNING DOVE
1728.jpg,RED HEADED DUCK
1729.jpg,COUCHS KINGBIRD
1730.jpg,TASMANIAN HEN
1731.jpg,CASPIAN TERN
1732.jpg,LEARS MACAW
1733.jpg,PYGMY KINGFISHER
1734.jpg,DOUBLE BARRED FINCH
1735.jpg,GAMBELS QUAIL
1736.jpg,PUFFIN
1737.jpg,CRIMSON SUNBIRD
1738.jpg,BANDED BROADBILL
1739.jpg,CASSOWARY
1740.jpg,COMMON STARLING
1741.jpg,PEACOCK
1742.jpg,HOUSE SPARROW
1743.jpg,PURPLE FINCH
1744.jpg,GILA WOODPECKER
1745.jpg,HOOPOES
1746.jpg,TASMANIAN HEN
1747.jpg,GOLDEN PIPIT
1748.jpg,EMU
1749.jpg,BLACK SKIMMER
1750.jpg,COUCHS KINGBIRD
1751.jpg,ASIAN CRESTED IBIS
1752.jpg,BLACK FRANCOLIN
1753.jpg,QUETZAL
1754.jpg,MALACHITE KINGFISHER
1755.jpg,RUBY THROATED HUMMINGBIRD
1756.jpg,BORNEAN LEAFBIRD
1757.jpg,AMERICAN GOLDFINCH
1758.jpg,ROUGH LEG BUZZARD
1759.jpg,RED WISKERED BULBUL
1760.jpg,ROCK DOVE
1761.jpg,OSPREY
1762.jpg,RED FACED CORMORANT
1763.jpg,PAINTED BUNTIG
1764.jpg,VERMILION FLYCATHER
1765.jpg,LONG-EARED OWL
1766.jpg,NORTHERN PARULA
1767.jpg,CUBAN TODY
1768.jpg,SCARLET TANAGER
1769.jpg,BORNEAN PHEASANT
1770.jpg,TAKAHE
1771.jpg,AMERICAN COOT
1772.jpg,PURPLE FINCH
1773.jpg,EASTERN TOWEE
1774.jpg,RED HONEY CREEPER
1775.jpg,BROWN CREPPER
1776.jpg,MYNA
1777.jpg,CAPUCHINBIRD
1778.jpg,CALIFORNIA CONDOR
1779.jpg,OSTRICH
1780.jpg,PYGMY KINGFISHER
1781.jpg,BLACK VULTURE
1782.jpg,GILA WOODPECKER
1783.jpg,PHILIPPINE EAGLE
1784.jpg,BLACK-NECKED GREBE
1785.jpg,RAINBOW LORIKEET
1786.jpg,KIWI
1787.jpg,NICOBAR PIGEON
1788.jpg,ASIAN CRESTED IBIS
1789.jpg,BLACK-THROATED SPARROW
1790.jpg,HOOPOES
1791.jpg,INDIAN PITTA
1792.jpg,OVENBIRD
1793.jpg,ANHINGA
1794.jpg,NORTHERN GANNET
1795.jpg,RUDY KINGFISHER
1796.jpg,PUFFIN
1797.jpg,CASPIAN TERN
1798.jpg,IMPERIAL SHAQ
1799.jpg,VICTORIA CROWNED PIGEON
1800.jpg,ROADRUNNER
1801.jpg,AMERICAN AVOCET
1802.jpg,BAY-BREASTED WARBLER
1803.jpg,WOOD DUCK
1804.jpg,SHORT BILLED DOWITCHER
1805.jpg,GREY PLOVER
1806.jpg,BARN SWALLOW
1807.jpg,GAMBELS QUAIL
1808.jpg,RED WINGED BLACKBIRD
1809.jpg,BANDED BROADBILL
1810.jpg,RED BROWED FINCH
1811.jpg,RED FACED CORMORANT
1812.jpg,JAVA SPARROW
1813.jpg,ASIAN CRESTED IBIS
1814.jpg,HOUSE FINCH
1815.jpg,COMMON STARLING
1816.jpg,CACTUS WREN
1817.jpg,CASSOWARY
1818.jpg,LONG-EARED OWL
1819.jpg,STRAWBERRY FINCH
1820.jpg,FLAMINGO
1821.jpg,SANDHILL CRANE
1822.jpg,MARABOU STORK
1823.jpg,ANNAS HUMMINGBIRD
1824.jpg,CALIFORNIA CONDOR
1825.jpg,BLACKBURNIAM WARBLER
1826.jpg,CAPPED HERON
1827.jpg,GANG GANG COCKATOO
1828.jpg,DOUBLE BRESTED CORMARANT
1829.jpg,INDIAN PITTA
1830.jpg,NORTHERN FLICKER
1831.jpg,AMERICAN BITTERN
1832.jpg,ELLIOTS  PHEASANT
1833.jpg,CAPUCHINBIRD
1834.jpg,SNOWY OWL
1835.jpg,OCELLATED TURKEY
1836.jpg,BLACK-NECKED GREBE
1837.jpg,BLUE GROUSE
1838.jpg,RED TAILED HAWK
1839.jpg,CUBAN TROGON
1840.jpg,MASKED BOOBY
1841.jpg,BALD EAGLE
1842.jpg,ROCK DOVE
1843.jpg,EMU
1844.jpg,RED HONEY CREEPER
1845.jpg,HORNBILL
1846.jpg,GLOSSY IBIS
1847.jpg,SCARLET TANAGER
1848.jpg,COMMON POORWILL
1849.jpg,CUBAN TODY
1850.jpg,HARPY EAGLE
1851.jpg,BLUE HERON
1852.jpg,CROWNED PIGEON
1853.jpg,AMERICAN BITTERN
1854.jpg,EASTERN ROSELLA
1855.jpg,BANDED BROADBILL
1856.jpg,GREAT POTOO
1857.jpg,PARADISE TANAGER
1858.jpg,COMMON LOON
1859.jpg,TURQUOISE MOTMOT
1860.jpg,GUINEA TURACO
1861.jpg,LEARS MACAW
1862.jpg,SRI LANKA BLUE MAGPIE
1863.jpg,SCARLET MACAW
1864.jpg,OSPREY
1865.jpg,GRAY PARTRIDGE
1866.jpg,ROSY FACED LOVEBIRD
1867.jpg,KILLDEAR
1868.jpg,HARPY EAGLE
1869.jpg,CEDAR WAXWING
1870.jpg,NICOBAR PIGEON
1871.jpg,BALTIMORE ORIOLE
1872.jpg,TOWNSENDS WARBLER
1873.jpg,RED WINGED BLACKBIRD
1874.jpg,RED HEADED DUCK
1875.jpg,TREE SWALLOW
1876.jpg,BEARDED BELLBIRD
1877.jpg,BLACK SKIMMER
1878.jpg,GREEN JAY
1879.jpg,GREAT POTOO
1880.jpg,COMMON GRACKLE
1881.jpg,GILDED FLICKER
1882.jpg,CHIPPING SPARROW
1883.jpg,SCARLET IBIS
1884.jpg,COMMON FIRECREST
1885.jpg,COCK OF THE  ROCK
1886.jpg,HAWAIIAN GOOSE
1887.jpg,SAND MARTIN
1888.jpg,WHITE TAILED TROPIC
1889.jpg,SCARLET TANAGER
1890.jpg,SWINHOES PHEASANT
1891.jpg,BLACK & YELLOW bROADBILL
1892.jpg,TRUMPTER SWAN
1893.jpg,MIKADO  PHEASANT
1894.jpg,PINK ROBIN
1895.jpg,MARABOU STORK
1896.jpg,LILAC ROLLER
1897.jpg,BLUE GROUSE
1898.jpg,FLAMINGO
1899.jpg,BALI STARLING
1900.jpg,CROW
1901.jpg,BARRED PUFFBIRD
1902.jpg,MAGPIE GOOSE
1903.jpg,SHOEBILL
1904.jpg,ARARIPE MANAKIN
1905.jpg,PARUS MAJOR
1906.jpg,TURQUOISE MOTMOT
1907.jpg,GAMBELS QUAIL
1908.jpg,SCARLET IBIS
1909.jpg,PINK ROBIN
1910.jpg,STEAMER DUCK
1911.jpg,MARABOU STORK
1912.jpg,RUDY KINGFISHER
1913.jpg,GRAY PARTRIDGE
1914.jpg,GLOSSY IBIS
1915.jpg,ALBATROSS
1916.jpg,WILSONS BIRD OF PARADISE
1917.jpg,ANTBIRD
1918.jpg,MALACHITE KINGFISHER
1919.jpg,EVENING GROSBEAK
1920.jpg,GILDED FLICKER
1921.jpg,RUDY KINGFISHER
1922.jpg,SWINHOES PHEASANT
1923.jpg,AMERICAN COOT
1924.jpg,NORTHERN CARDINAL
1925.jpg,WALL CREAPER
1926.jpg,BLACK SWAN
1927.jpg,BULWERS PHEASANT
1928.jpg,AMERICAN BITTERN
1929.jpg,CANARY
1930.jpg,TAKAHE
1931.jpg,UMBRELLA BIRD
1932.jpg,NORTHERN BALD IBIS
1933.jpg,EASTERN TOWEE
1934.jpg,TASMANIAN HEN
1935.jpg,COLLARED ARACARI
1936.jpg,SNOWY OWL
1937.jpg,CURL CRESTED ARACURI
1938.jpg,GUINEAFOWL
1939.jpg,WOOD DUCK
1940.jpg,JAVA SPARROW
1941.jpg,SHOEBILL
1942.jpg,CAPPED HERON
1943.jpg,BLACK FRANCOLIN
1944.jpg,ROSY FACED LOVEBIRD
1945.jpg,RED HEADED WOODPECKER
1946.jpg,MIKADO  PHEASANT
1947.jpg,HOUSE SPARROW
1948.jpg,SANDHILL CRANE
1949.jpg,KAGU
1950.jpg,YELLOW BELLIED FLOWERPECKER
1951.jpg,CRESTED AUKLET
1952.jpg,NICOBAR PIGEON
1953.jpg,KILLDEAR
1954.jpg,HOUSE FINCH
1955.jpg,TASMANIAN HEN
1956.jpg,RUDY KINGFISHER
1957.jpg,VENEZUELIAN TROUPIAL
1958.jpg,MYNA
1959.jpg,RAZORBILL
1960.jpg,RED BELLIED PITTA
1961.jpg,CUBAN TODY
1962.jpg,BARN OWL
1963.jpg,ASIAN CRESTED IBIS
1964.jpg,AMERICAN BITTERN
1965.jpg,BELTED KINGFISHER
1966.jpg,AMERICAN PIPIT
1967.jpg,SCARLET TANAGER
1968.jpg,VICTORIA CROWNED PIGEON
1969.jpg,GANG GANG COCKATOO
1970.jpg,CERULEAN WARBLER
1971.jpg,RED BELLIED PITTA
1972.jpg,CACTUS WREN
1973.jpg,RING-NECKED PHEASANT
1974.jpg,CHIPPING SPARROW
1975.jpg,GLOSSY IBIS
1976.jpg,RED HEADED DUCK
1977.jpg,DOWNY WOODPECKER
1978.jpg,KAKAPO
1979.jpg,BLACK TAIL CRAKE
1980.jpg,SCARLET TANAGER
1981.jpg,UMBRELLA BIRD
1982.jpg,RUBY THROATED HUMMINGBIRD
1983.jpg,GOLD WING WARBLER
1984.jpg,ROBIN
1985.jpg,WHITE THROATED BEE EATER
1986.jpg,CAPPED HERON
1987.jpg,DOUBLE BRESTED CORMARANT
1988.jpg,BALD EAGLE
1989.jpg,NORTHERN BALD IBIS
1990.jpg,ELLIOTS  PHEASANT
1991.jpg,PAINTED BUNTIG
1992.jpg,GRAY CATBIRD
1993.jpg,BEARDED REEDLING
1994.jpg,WHITE NECKED RAVEN
1995.jpg,KAKAPO
1996.jpg,WHITE CHEEKED TURACO
1997.jpg,OVENBIRD
1998.jpg,BANDED PITA
1999.jpg,CRESTED NUTHATCH
2000.jpg,TAKAHE
2001.jpg,ROBIN
2002.jpg,WHITE THROATED BEE EATER
2003.jpg,BELTED KINGFISHER
2004.jpg,BALTIMORE ORIOLE
2005.jpg,PURPLE MARTIN
2006.jpg,ROYAL FLYCATCHER
2007.jpg,GOLDEN CHEEKED WARBLER
2008.jpg,CRESTED AUKLET
2009.jpg,RED TAILED HAWK
2010.jpg,KING VULTURE
2011.jpg,RED FACED CORMORANT
2012.jpg,TEAL DUCK
2013.jpg,TOUCHAN
2014.jpg,CINNAMON TEAL
2015.jpg,GYRFALCON
2016.jpg,NORTHERN PARULA
2017.jpg,BLACK TAIL CRAKE
2018.jpg,RED HEADED DUCK
2019.jpg,RED FACED CORMORANT
2020.jpg,WILD TURKEY
2021.jpg,BROWN CREPPER
2022.jpg,SRI LANKA BLUE MAGPIE
2023.jpg,HAWAIIAN GOOSE
2024.jpg,CUBAN TODY
2025.jpg,GRAY PARTRIDGE
2026.jpg,RUFUOS MOTMOT
2027.jpg,SHOEBILL
2028.jpg,VULTURINE GUINEAFOWL
2029.jpg,BELTED KINGFISHER
2030.jpg,NORTHERN CARDINAL
2031.jpg,INDIAN PITTA
2032.jpg,OSPREY
2033.jpg,BROWN CREPPER
2034.jpg,CALIFORNIA CONDOR
2035.jpg,PAINTED BUNTIG
2036.jpg,GYRFALCON
2037.jpg,CINNAMON TEAL
2038.jpg,UMBRELLA BIRD
2039.jpg,TAIWAN MAGPIE
2040.jpg,FLAMINGO
2041.jpg,FLAME TANAGER
2042.jpg,WHITE THROATED BEE EATER
2043.jpg,ANHINGA
2044.jpg,HOUSE SPARROW
2045.jpg,OSPREY
2046.jpg,PARADISE TANAGER
2047.jpg,CROW
2048.jpg,D-ARNAUDS BARBET
2049.jpg,NICOBAR PIGEON
2050.jpg,AMERICAN PIPIT
2051.jpg,PEACOCK
2052.jpg,SHOEBILL
2053.jpg,SPOONBILL
2054.jpg,BORNEAN PHEASANT
2055.jpg,STEAMER DUCK
2056.jpg,EURASIAN MAGPIE
2057.jpg,RED BEARDED BEE EATER
2058.jpg,ASIAN CRESTED IBIS
2059.jpg,YELLOW HEADED BLACKBIRD
2060.jpg,COMMON STARLING
2061.jpg,BLACK THROATED BUSHTIT
2062.jpg,NORTHERN MOCKINGBIRD
2063.jpg,RING-NECKED PHEASANT
2064.jpg,CACTUS WREN
2065.jpg,VIOLET GREEN SWALLOW
2066.jpg,CHIPPING SPARROW
2067.jpg,CALIFORNIA GULL
2068.jpg,PINK ROBIN
2069.jpg,PARAKETT  AKULET
2070.jpg,RING-NECKED PHEASANT
2071.jpg,COCK OF THE  ROCK
2072.jpg,AMERICAN COOT
2073.jpg,GUINEAFOWL
2074.jpg,GREY PLOVER
2075.jpg,BALI STARLING
2076.jpg,CARMINE BEE-EATER
2077.jpg,RUFUOS MOTMOT
2078.jpg,CAPE MAY WARBLER
2079.jpg,MIKADO  PHEASANT
2080.jpg,COMMON LOON
2081.jpg,GOLDEN EAGLE
2082.jpg,GUINEAFOWL
2083.jpg,NORTHERN SHOVELER
2084.jpg,BALD EAGLE
2085.jpg,TRUMPTER SWAN
2086.jpg,RED WISKERED BULBUL
2087.jpg,KAKAPO
2088.jpg,GO AWAY BIRD
2089.jpg,ROYAL FLYCATCHER
2090.jpg,RED BELLIED PITTA
2091.jpg,BLACK THROATED WARBLER
2092.jpg,STRIPPED MANAKIN
2093.jpg,TURQUOISE MOTMOT
2094.jpg,PHILIPPINE EAGLE
2095.jpg,EURASIAN MAGPIE
2096.jpg,VULTURINE GUINEAFOWL
2097.jpg,COLLARED ARACARI
2098.jpg,BEARDED BARBET
2099.jpg,FLAME TANAGER
2100.jpg,CHIPPING SPARROW
2101.jpg,BALI STARLING
2102.jpg,STEAMER DUCK
2103.jpg,RED BROWED FINCH
2104.jpg,CAPPED HERON
2105.jpg,NORTHERN GANNET
2106.jpg,LONG-EARED OWL
2107.jpg,GOLDEN CHLOROPHONIA
2108.jpg,GREY PLOVER
2109.jpg,NORTHERN JACANA
2110.jpg,PURPLE MARTIN
2111.jpg,GOLDEN CHLOROPHONIA
2112.jpg,AMERICAN KESTREL
2113.jpg,VERMILION FLYCATHER
2114.jpg,ASIAN CRESTED IBIS
2115.jpg,ROYAL FLYCATCHER
2116.jpg,ROADRUNNER
2117.jpg,KIWI
2118.jpg,JABIRU
2119.jpg,RED TAILED THRUSH
2120.jpg,SHOEBILL
2121.jpg,BARN SWALLOW
2122.jpg,STORK BILLED KINGFISHER
2123.jpg,YELLOW CACIQUE
2124.jpg,MYNA
2125.jpg,BANANAQUIT
2126.jpg,TOWNSENDS WARBLER
2127.jpg,BARRED PUFFBIRD
2128.jpg,INDIAN PITTA
2129.jpg,BALD IBIS
2130.jpg,COMMON STARLING
2131.jpg,CHARA DE COLLAR
2132.jpg,VICTORIA CROWNED PIGEON
2133.jpg,RAINBOW LORIKEET
2134.jpg,CHUKAR PARTRIDGE
2135.jpg,SORA
2136.jpg,COMMON LOON
2137.jpg,RED NAPED TROGON
2138.jpg,CHUKAR PARTRIDGE
2139.jpg,HORNED LARK
2140.jpg,BLACK-THROATED SPARROW
2141.jpg,GYRFALCON
2142.jpg,BEARDED REEDLING
2143.jpg,MANDRIN DUCK
2144.jpg,COUCHS KINGBIRD
2145.jpg,SANDHILL CRANE
2146.jpg,BORNEAN BRISTLEHEAD
2147.jpg,RED NAPED TROGON
2148.jpg,DARK EYED JUNCO
2149.jpg,COMMON GRACKLE
2150.jpg,CASPIAN TERN
2151.jpg,MARABOU STORK
2152.jpg,AMERICAN GOLDFINCH
2153.jpg,GYRFALCON
2154.jpg,CALIFORNIA QUAIL
2155.jpg,MALACHITE KINGFISHER
2156.jpg,TREE SWALLOW
2157.jpg,HORNBILL
2158.jpg,COCK OF THE  ROCK
2159.jpg,BEARDED BELLBIRD
2160.jpg,GILDED FLICKER
2161.jpg,SRI LANKA BLUE MAGPIE
2162.jpg,MALLARD DUCK
2163.jpg,MASKED BOOBY
2164.jpg,COMMON GRACKLE
2165.jpg,BALD EAGLE
2166.jpg,ARARIPE MANAKIN
2167.jpg,CRESTED NUTHATCH
2168.jpg,TRUMPTER SWAN
2169.jpg,GREATOR SAGE GROUSE
2170.jpg,BLUE GROUSE
2171.jpg,VULTURINE GUINEAFOWL
2172.jpg,SAMATRAN THRUSH
2173.jpg,RED HEADED WOODPECKER
2174.jpg,YELLOW BELLIED FLOWERPECKER
2175.jpg,CUBAN TROGON
2176.jpg,EASTERN ROSELLA
2177.jpg,DARK EYED JUNCO
2178.jpg,CANARY
2179.jpg,BLACK VULTURE
2180.jpg,CANARY
2181.jpg,SHOEBILL
2182.jpg,COMMON FIRECREST
2183.jpg,CAPPED HERON
2184.jpg,KOOKABURRA
2185.jpg,ANNAS HUMMINGBIRD
2186.jpg,BLACK SWAN
2187.jpg,BORNEAN LEAFBIRD
2188.jpg,HOATZIN
2189.jpg,SPOONBILL
2190.jpg,LILAC ROLLER
2191.jpg,PHILIPPINE EAGLE
2192.jpg,HIMALAYAN MONAL
2193.jpg,CUBAN TROGON
2194.jpg,PARAKETT  AKULET
2195.jpg,FLAMINGO
2196.jpg,COLLARED ARACARI
2197.jpg,HAWAIIAN GOOSE
2198.jpg,PEREGRINE FALCON
2199.jpg,OSTRICH
2200.jpg,UMBRELLA BIRD
2201.jpg,AMERICAN BITTERN
2202.jpg,VULTURINE GUINEAFOWL
2203.jpg,YELLOW HEADED BLACKBIRD
2204.jpg,ALEXANDRINE PARAKEET
2205.jpg,WHITE THROATED BEE EATER
2206.jpg,VICTORIA CROWNED PIGEON
2207.jpg,SWINHOES PHEASANT
2208.jpg,RUBY THROATED HUMMINGBIRD
2209.jpg,FRIGATE
2210.jpg,NICOBAR PIGEON
2211.jpg,OSTRICH
2212.jpg,VICTORIA CROWNED PIGEON
2213.jpg,KING VULTURE
2214.jpg,BARN OWL
2215.jpg,CUBAN TODY
2216.jpg,BLUE HERON
2217.jpg,CINNAMON TEAL
2218.jpg,RED TAILED THRUSH
2219.jpg,GOLD WING WARBLER
2220.jpg,WATTLED CURASSOW
2221.jpg,FIRE TAILLED MYZORNIS
2222.jpg,ANTBIRD
2223.jpg,ENGGANO MYNA
2224.jpg,DOUBLE BRESTED CORMARANT
2225.jpg,BLACK VULTURE
2226.jpg,OYSTER CATCHER
2227.jpg,BARN OWL
2228.jpg,SCARLET MACAW
2229.jpg,PURPLE GALLINULE
2230.jpg,BROWN THRASHER
2231.jpg,RAINBOW LORIKEET
2232.jpg,GREY PLOVER
2233.jpg,RED HEADED WOODPECKER
2234.jpg,WHITE CHEEKED TURACO
2235.jpg,HORNED SUNGEM
2236.jpg,BARRED PUFFBIRD
2237.jpg,RING-NECKED PHEASANT
2238.jpg,OYSTER CATCHER
2239.jpg,GOLDEN EAGLE
2240.jpg,BALTIMORE ORIOLE
2241.jpg,PEREGRINE FALCON
2242.jpg,TREE SWALLOW
2243.jpg,RUDY KINGFISHER
2244.jpg,RED BEARDED BEE EATER
2245.jpg,MAGPIE GOOSE
2246.jpg,CALIFORNIA QUAIL
2247.jpg,WATTLED CURASSOW
2248.jpg,GOLDEN EAGLE
2249.jpg,GREATOR SAGE GROUSE
2250.jpg,HOUSE FINCH
2251.jpg,AMERICAN BITTERN
2252.jpg,GREAT POTOO
2253.jpg,STRIPPED SWALLOW
2254.jpg,BLACK SWAN
2255.jpg,SCARLET MACAW
2256.jpg,COLLARED ARACARI
2257.jpg,CHIPPING SPARROW
2258.jpg,FRIGATE
2259.jpg,SHOEBILL
2260.jpg,HARPY EAGLE
2261.jpg,BORNEAN PHEASANT
2262.jpg,GILDED FLICKER
2263.jpg,SMITHS LONGSPUR
2264.jpg,COCK OF THE  ROCK
2265.jpg,ROADRUNNER
2266.jpg,AMERICAN REDSTART
2267.jpg,RING-NECKED PHEASANT
2268.jpg,GREATOR SAGE GROUSE
2269.jpg,NORTHERN CARDINAL
2270.jpg,KAGU
2271.jpg,NORTHERN JACANA
2272.jpg,NOISY FRIARBIRD
2273.jpg,GANG GANG COCKATOO
2274.jpg,HOATZIN
2275.jpg,BLACK SKIMMER
2276.jpg,PHILIPPINE EAGLE
2277.jpg,GOLDEN CHLOROPHONIA
2278.jpg,ALEXANDRINE PARAKEET
2279.jpg,CLARKS NUTCRACKER
2280.jpg,FAIRY BLUEBIRD
2281.jpg,COMMON STARLING
2282.jpg,MALAGASY WHITE EYE
2283.jpg,CHARA DE COLLAR
2284.jpg,WALL CREAPER
2285.jpg,ANNAS HUMMINGBIRD
2286.jpg,EMU
2287.jpg,ELLIOTS  PHEASANT
2288.jpg,ENGGANO MYNA
2289.jpg,KIWI
2290.jpg,GOLDEN EAGLE
2291.jpg,CROW
2292.jpg,VICTORIA CROWNED PIGEON
2293.jpg,TOUCHAN
2294.jpg,NORTHERN RED BISHOP
2295.jpg,SPANGLED COTINGA
2296.jpg,PARAKETT  AKULET
2297.jpg,NORTHERN PARULA
2298.jpg,RUFUOS MOTMOT
2299.jpg,HORNED SUNGEM
2300.jpg,GREATOR SAGE GROUSE
2301.jpg,WILSONS BIRD OF PARADISE
2302.jpg,HOUSE FINCH
2303.jpg,GRAY CATBIRD
2304.jpg,VULTURINE GUINEAFOWL
2305.jpg,WATTLED CURASSOW
2306.jpg,ANHINGA
2307.jpg,ROADRUNNER
2308.jpg,NORTHERN BALD IBIS
2309.jpg,NORTHERN CARDINAL
2310.jpg,ANHINGA
2311.jpg,GREAT POTOO
2312.jpg,BROWN CREPPER
2313.jpg,BLACK VULTURE
2314.jpg,BAR-TAILED GODWIT
2315.jpg,BLACK VULTURE
2316.jpg,SANDHILL CRANE
2317.jpg,CURL CRESTED ARACURI
2318.jpg,BLACK-CAPPED CHICKADEE
2319.jpg,MANDRIN DUCK
2320.jpg,BANDED PITA
2321.jpg,MARABOU STORK
2322.jpg,CASSOWARY
2323.jpg,ELEGANT TROGON
2324.jpg,PEACOCK
2325.jpg,COMMON STARLING
2326.jpg,BLACK THROATED BUSHTIT
2327.jpg,NORTHERN SHOVELER
2328.jpg,RUFOUS KINGFISHER
2329.jpg,NORTHERN FLICKER
2330.jpg,YELLOW HEADED BLACKBIRD
2331.jpg,STEAMER DUCK
2332.jpg,GOLDEN PHEASANT
2333.jpg,SAND MARTIN
2334.jpg,RED HONEY CREEPER
2335.jpg,INDIGO BUNTING
2336.jpg,BLACK & YELLOW bROADBILL
2337.jpg,TAKAHE
2338.jpg,DOUBLE BARRED FINCH
2339.jpg,STRIPPED MANAKIN
2340.jpg,CEDAR WAXWING
2341.jpg,BOBOLINK
2342.jpg,CANARY
2343.jpg,TEAL DUCK
2344.jpg,HOATZIN
2345.jpg,MALACHITE KINGFISHER
2346.jpg,RED BROWED FINCH
2347.jpg,BALI STARLING
2348.jpg,GREAT POTOO
2349.jpg,RED WINGED BLACKBIRD
2350.jpg,BORNEAN BRISTLEHEAD
2351.jpg,WHIMBREL
2352.jpg,GO AWAY BIRD
2353.jpg,VIOLET GREEN SWALLOW
2354.jpg,HAWAIIAN GOOSE
2355.jpg,BLONDE CRESTED WOODPECKER
2356.jpg,CALIFORNIA GULL
2357.jpg,HOODED MERGANSER
2358.jpg,COMMON POORWILL
2359.jpg,BLONDE CRESTED WOODPECKER
2360.jpg,CINNAMON TEAL
2361.jpg,CHARA DE COLLAR
2362.jpg,STRAWBERRY FINCH
2363.jpg,GREEN MAGPIE
2364.jpg,FRIGATE
2365.jpg,EASTERN TOWEE
2366.jpg,ROSY FACED LOVEBIRD
2367.jpg,HOUSE SPARROW
2368.jpg,ANHINGA
2369.jpg,MARABOU STORK
2370.jpg,GREATOR SAGE GROUSE
2371.jpg,GOLDEN CHEEKED WARBLER
2372.jpg,RED TAILED HAWK
2373.jpg,CALIFORNIA GULL
2374.jpg,GOLDEN CHEEKED WARBLER
2375.jpg,TRUMPTER SWAN
2376.jpg,CAPE MAY WARBLER
2377.jpg,DOWNY WOODPECKER
2378.jpg,VIOLET GREEN SWALLOW
2379.jpg,BLACK VULTURE
2380.jpg,NORTHERN SHOVELER
2381.jpg,TAIWAN MAGPIE
2382.jpg,VICTORIA CROWNED PIGEON
2383.jpg,BLACK SWAN
2384.jpg,LEARS MACAW
2385.jpg,WILD TURKEY
2386.jpg,PAINTED BUNTIG
2387.jpg,GUINEA TURACO
2388.jpg,PEACOCK
2389.jpg,BEARDED BELLBIRD
2390.jpg,COMMON STARLING
2391.jpg,ALEXANDRINE PARAKEET
2392.jpg,RED WISKERED BULBUL
2393.jpg,SORA
2394.jpg,BROWN THRASHER
2395.jpg,BALD IBIS
2396.jpg,OCELLATED TURKEY
2397.jpg,CALIFORNIA QUAIL
2398.jpg,BROWN CREPPER
2399.jpg,FLAME TANAGER
2400.jpg,RING-NECKED PHEASANT
2401.jpg,KOOKABURRA
2402.jpg,NORTHERN MOCKINGBIRD
2403.jpg,MARABOU STORK
2404.jpg,BEARDED REEDLING
2405.jpg,TAKAHE
2406.jpg,WILD TURKEY
2407.jpg,AMERICAN AVOCET
2408.jpg,COMMON POORWILL
2409.jpg,BLACK TAIL CRAKE
2410.jpg,TOWNSENDS WARBLER
2411.jpg,EASTERN MEADOWLARK
2412.jpg,WALL CREAPER
2413.jpg,STORK BILLED KINGFISHER
2414.jpg,WHITE TAILED TROPIC
2415.jpg,PEREGRINE FALCON
2416.jpg,BOBOLINK
2417.jpg,BALI STARLING
2418.jpg,BLACK-NECKED GREBE
2419.jpg,WHITE NECKED RAVEN
2420.jpg,SCARLET IBIS
2421.jpg,BLUE GROUSE
2422.jpg,RED BEARDED BEE EATER
2423.jpg,OKINAWA RAIL
2424.jpg,BAR-TAILED GODWIT
2425.jpg,GREEN MAGPIE
2426.jpg,HOATZIN
2427.jpg,BELTED KINGFISHER
2428.jpg,GREEN MAGPIE
2429.jpg,CRESTED CARACARA
2430.jpg,GREEN JAY
2431.jpg,EASTERN TOWEE
2432.jpg,BARN SWALLOW
2433.jpg,CUBAN TROGON
2434.jpg,BARN SWALLOW
2435.jpg,AMERICAN COOT
2436.jpg,COCKATOO
2437.jpg,LEARS MACAW
2438.jpg,WALL CREAPER
2439.jpg,QUETZAL
2440.jpg,WILSONS BIRD OF PARADISE
2441.jpg,FIRE TAILLED MYZORNIS
2442.jpg,AMERICAN BITTERN
2443.jpg,MARABOU STORK
2444.jpg,OSTRICH
2445.jpg,FLAME TANAGER
2446.jpg,BULWERS PHEASANT
2447.jpg,VICTORIA CROWNED PIGEON
2448.jpg,TIT MOUSE
2449.jpg,EVENING GROSBEAK
2450.jpg,AFRICAN CROWNED CRANE
2451.jpg,CHUKAR PARTRIDGE
2452.jpg,BLACK TAIL CRAKE
2453.jpg,STRIPPED MANAKIN
2454.jpg,SHOEBILL
2455.jpg,BLACKBURNIAM WARBLER
2456.jpg,SNOWY EGRET
2457.jpg,ASIAN CRESTED IBIS
2458.jpg,RING-NECKED PHEASANT
2459.jpg,TREE SWALLOW
2460.jpg,SHORT BILLED DOWITCHER
2461.jpg,BALD EAGLE
2462.jpg,CANARY
2463.jpg,NICOBAR PIGEON
2464.jpg,SNOWY OWL
2465.jpg,BLUE HERON
2466.jpg,EMPEROR PENGUIN
2467.jpg,YELLOW HEADED BLACKBIRD
2468.jpg,SHOEBILL
2469.jpg,ROSY FACED LOVEBIRD
2470.jpg,GREATOR SAGE GROUSE
2471.jpg,CHARA DE COLLAR
2472.jpg,PUFFIN
2473.jpg,BANDED BROADBILL
2474.jpg,AFRICAN CROWNED CRANE
2475.jpg,ELLIOTS  PHEASANT
2476.jpg,BLACK VULTURE
2477.jpg,EASTERN ROSELLA
2478.jpg,EURASIAN GOLDEN ORIOLE
2479.jpg,ANNAS HUMMINGBIRD
2480.jpg,EMPEROR PENGUIN
2481.jpg,ROYAL FLYCATCHER
2482.jpg,HOUSE FINCH
2483.jpg,OVENBIRD
2484.jpg,RED HONEY CREEPER
2485.jpg,AMERICAN AVOCET
2486.jpg,BULWERS PHEASANT
2487.jpg,CACTUS WREN
2488.jpg,RED TAILED THRUSH
2489.jpg,BLACK TAIL CRAKE
2490.jpg,NORTHERN GOSHAWK
2491.jpg,TAKAHE
2492.jpg,CASSOWARY
2493.jpg,EVENING GROSBEAK
2494.jpg,STRAWBERRY FINCH
2495.jpg,BIRD OF PARADISE
2496.jpg,COMMON LOON
2497.jpg,GREATOR SAGE GROUSE
2498.jpg,MIKADO  PHEASANT
2499.jpg,RED NAPED TROGON
2500.jpg,RED FACED WARBLER
2501.jpg,BLACK FRANCOLIN
2502.jpg,BROWN CREPPER
2503.jpg,KILLDEAR
2504.jpg,EASTERN BLUEBIRD
2505.jpg,WHITE NECKED RAVEN
2506.jpg,ORANGE BRESTED BUNTING
2507.jpg,GOULDIAN FINCH
2508.jpg,RUFOUS KINGFISHER
2509.jpg,WALL CREAPER
2510.jpg,TAKAHE
2511.jpg,DOUBLE BARRED FINCH
2512.jpg,GOLDEN PHEASANT
2513.jpg,ANTBIRD
2514.jpg,STRAWBERRY FINCH
2515.jpg,COLLARED ARACARI
2516.jpg,CRESTED NUTHATCH
2517.jpg,VERMILION FLYCATHER
2518.jpg,SPOONBILL
2519.jpg,SPANGLED COTINGA
2520.jpg,JABIRU
2521.jpg,WHIMBREL
2522.jpg,RAZORBILL
2523.jpg,FIRE TAILLED MYZORNIS
2524.jpg,CHUKAR PARTRIDGE
2525.jpg,HOATZIN
2526.jpg,MAGPIE GOOSE
2527.jpg,ASIAN CRESTED IBIS
2528.jpg,TASMANIAN HEN
2529.jpg,RED BEARDED BEE EATER
2530.jpg,ROUGH LEG BUZZARD
2531.jpg,GRAY PARTRIDGE
2532.jpg,PHILIPPINE EAGLE
2533.jpg,GREEN BROADBILL
2534.jpg,AMERICAN COOT
2535.jpg,PELICAN
2536.jpg,PARADISE TANAGER
2537.jpg,MOURNING DOVE
2538.jpg,QUETZAL
2539.jpg,CURL CRESTED ARACURI
2540.jpg,ROADRUNNER
2541.jpg,BULWERS PHEASANT
2542.jpg,WILSONS BIRD OF PARADISE
2543.jpg,QUETZAL
2544.jpg,EASTERN BLUEBIRD
2545.jpg,RUBY THROATED HUMMINGBIRD
2546.jpg,MALACHITE KINGFISHER
2547.jpg,RING-NECKED PHEASANT
2548.jpg,RED HEADED WOODPECKER
2549.jpg,MIKADO  PHEASANT
2550.jpg,RUBY THROATED HUMMINGBIRD
2551.jpg,TAIWAN MAGPIE
2552.jpg,WILD TURKEY
2553.jpg,CUBAN TROGON
2554.jpg,BAY-BREASTED WARBLER
2555.jpg,PUFFIN
2556.jpg,BROWN NOODY
2557.jpg,BLACK SKIMMER
2558.jpg,CRESTED AUKLET
2559.jpg,SANDHILL CRANE
2560.jpg,GREEN BROADBILL
2561.jpg,INCA TERN
2562.jpg,REGENT BOWERBIRD
2563.jpg,BELTED KINGFISHER
2564.jpg,GILA WOODPECKER
2565.jpg,TOUCHAN
2566.jpg,RED HONEY CREEPER
2567.jpg,GREEN MAGPIE
2568.jpg,COCKATOO
2569.jpg,RED FACED WARBLER
2570.jpg,OVENBIRD
2571.jpg,GANG GANG COCKATOO
2572.jpg,WOOD DUCK
2573.jpg,BARN OWL
2574.jpg,HOUSE FINCH
2575.jpg,BLACK THROATED WARBLER
2576.jpg,KIWI
2577.jpg,FIRE TAILLED MYZORNIS
2578.jpg,PURPLE FINCH
2579.jpg,NORTHERN RED BISHOP
2580.jpg,GAMBELS QUAIL
2581.jpg,AFRICAN FIREFINCH
2582.jpg,KAKAPO
2583.jpg,WHIMBREL
2584.jpg,ROBIN
2585.jpg,GOLDEN CHLOROPHONIA
2586.jpg,VULTURINE GUINEAFOWL
2587.jpg,BARRED PUFFBIRD
2588.jpg,YELLOW HEADED BLACKBIRD
2589.jpg,CROWNED PIGEON
2590.jpg,SORA
2591.jpg,GREY PLOVER
2592.jpg,RED FACED WARBLER
2593.jpg,CEDAR WAXWING
2594.jpg,BLONDE CRESTED WOODPECKER
2595.jpg,WILSONS BIRD OF PARADISE
2596.jpg,CAPE MAY WARBLER
2597.jpg,GOLDEN PIPIT
2598.jpg,CASSOWARY
2599.jpg,VENEZUELIAN TROUPIAL
2600.jpg,CRESTED NUTHATCH
2601.jpg,EASTERN BLUEBIRD
2602.jpg,TOUCHAN
2603.jpg,COMMON GRACKLE
2604.jpg,SUPERB STARLING
2605.jpg,TRUMPTER SWAN
2606.jpg,INDIAN BUSTARD
2607.jpg,RED TAILED THRUSH
2608.jpg,BLACK-CAPPED CHICKADEE
2609.jpg,AMERICAN COOT
2610.jpg,GLOSSY IBIS
2611.jpg,SCARLET IBIS
2612.jpg,LARK BUNTING
2613.jpg,SHOEBILL
2614.jpg,GREEN BROADBILL
2615.jpg,INCA TERN
2616.jpg,CROW
2617.jpg,NORTHERN SHOVELER
2618.jpg,PURPLE MARTIN
2619.jpg,EURASIAN MAGPIE
2620.jpg,BORNEAN BRISTLEHEAD
2621.jpg,ALBATROSS
2622.jpg,AMERICAN COOT
2623.jpg,RED NAPED TROGON
2624.jpg,PURPLE MARTIN
2625.jpg,CARMINE BEE-EATER
2626.jpg,MARABOU STORK
2627.jpg,PURPLE GALLINULE
2628.jpg,STRIPPED MANAKIN
2629.jpg,OYSTER CATCHER
2630.jpg,VENEZUELIAN TROUPIAL
2631.jpg,CRESTED CARACARA
2632.jpg,KING VULTURE
2633.jpg,BOBOLINK
2634.jpg,ORANGE BRESTED BUNTING
2635.jpg,GREAT POTOO
2636.jpg,JAVA SPARROW
2637.jpg,CALIFORNIA QUAIL
2638.jpg,CAPUCHINBIRD
2639.jpg,REGENT BOWERBIRD
2640.jpg,BALD IBIS
2641.jpg,WHITE CHEEKED TURACO
2642.jpg,OSTRICH
2643.jpg,VICTORIA CROWNED PIGEON
2644.jpg,FIRE TAILLED MYZORNIS
2645.jpg,DOUBLE BRESTED CORMARANT
2646.jpg,STRAWBERRY FINCH
2647.jpg,PALILA
2648.jpg,BLUE GROUSE
2649.jpg,NORTHERN CARDINAL
2650.jpg,RED FACED CORMORANT
2651.jpg,NORTHERN FLICKER
2652.jpg,BANDED PITA
2653.jpg,CASPIAN TERN
2654.jpg,GOLDEN PIPIT
2655.jpg,EURASIAN GOLDEN ORIOLE
2656.jpg,WHITE TAILED TROPIC
2657.jpg,NORTHERN PARULA
2658.jpg,INDIGO BUNTING
2659.jpg,GUINEAFOWL
2660.jpg,CALIFORNIA QUAIL
2661.jpg,BLACK FRANCOLIN
2662.jpg,PALILA
2663.jpg,COUCHS KINGBIRD
2664.jpg,TURKEY VULTURE
2665.jpg,COCKATOO
2666.jpg,WHIMBREL
2667.jpg,NORTHERN GOSHAWK
2668.jpg,PHILIPPINE EAGLE
2669.jpg,EMU
2670.jpg,BLACK-CAPPED CHICKADEE
2671.jpg,HORNED GUAN
2672.jpg,SHOEBILL
2673.jpg,TURKEY VULTURE
2674.jpg,DOUBLE BRESTED CORMARANT
2675.jpg,AMERICAN BITTERN
2676.jpg,RED BEARDED BEE EATER
2677.jpg,MARABOU STORK
2678.jpg,COMMON FIRECREST
2679.jpg,DOUBLE BARRED FINCH
2680.jpg,CARMINE BEE-EATER
2681.jpg,SMITHS LONGSPUR
2682.jpg,MALLARD DUCK
2683.jpg,NORTHERN PARULA
2684.jpg,COMMON POORWILL
2685.jpg,SAMATRAN THRUSH
2686.jpg,CRESTED NUTHATCH
2687.jpg,GREEN BROADBILL
2688.jpg,GYRFALCON
2689.jpg,SPLENDID WREN
2690.jpg,SAMATRAN THRUSH
2691.jpg,SHOEBILL
2692.jpg,GAMBELS QUAIL
2693.jpg,EURASIAN GOLDEN ORIOLE
2694.jpg,SHORT BILLED DOWITCHER
2695.jpg,RED FACED CORMORANT
2696.jpg,REGENT BOWERBIRD
2697.jpg,GREATOR SAGE GROUSE
2698.jpg,TAKAHE
2699.jpg,TOWNSENDS WARBLER
2700.jpg,BIRD OF PARADISE
2701.jpg,FRIGATE
2702.jpg,MASKED LAPWING
2703.jpg,PURPLE SWAMPHEN
2704.jpg,FIRE TAILLED MYZORNIS
2705.jpg,SCARLET IBIS
2706.jpg,TURKEY VULTURE
2707.jpg,CALIFORNIA CONDOR
2708.jpg,CAPUCHINBIRD
2709.jpg,CANARY
2710.jpg,MAGPIE GOOSE
2711.jpg,WOOD DUCK
2712.jpg,SUPERB STARLING
2713.jpg,GANG GANG COCKATOO
2714.jpg,BLACK-CAPPED CHICKADEE
2715.jpg,DARK EYED JUNCO
2716.jpg,EURASIAN GOLDEN ORIOLE
2717.jpg,DOUBLE BARRED FINCH
2718.jpg,BEARDED BARBET
2719.jpg,KING VULTURE
2720.jpg,BLUE GROUSE
2721.jpg,RED HEADED DUCK
2722.jpg,BANDED BROADBILL
2723.jpg,STRAWBERRY FINCH
2724.jpg,COMMON POORWILL
2725.jpg,STRIPPED MANAKIN
2726.jpg,COMMON GRACKLE
2727.jpg,BLACK THROATED BUSHTIT
2728.jpg,COMMON FIRECREST
2729.jpg,TRUMPTER SWAN
2730.jpg,WILD TURKEY
2731.jpg,GUINEAFOWL
2732.jpg,ANNAS HUMMINGBIRD
2733.jpg,CERULEAN WARBLER
2734.jpg,GUINEAFOWL
2735.jpg,OVENBIRD
2736.jpg,BLACK-CAPPED CHICKADEE
2737.jpg,JABIRU
2738.jpg,BROWN CREPPER
2739.jpg,UMBRELLA BIRD
2740.jpg,MALABAR HORNBILL
2741.jpg,AMERICAN AVOCET
2742.jpg,GREAT POTOO
2743.jpg,AMERICAN GOLDFINCH
2744.jpg,ELEGANT TROGON
2745.jpg,FAIRY BLUEBIRD
2746.jpg,OKINAWA RAIL
2747.jpg,GANG GANG COCKATOO
2748.jpg,BLACK FRANCOLIN
2749.jpg,PARUS MAJOR
2750.jpg,CHARA DE COLLAR
2751.jpg,SWINHOES PHEASANT
2752.jpg,RUFOUS KINGFISHER
2753.jpg,BARN OWL
2754.jpg,BLACK SWAN
2755.jpg,GREY PLOVER
2756.jpg,HORNBILL
2757.jpg,RING-NECKED PHEASANT
2758.jpg,RED FACED CORMORANT
2759.jpg,RAINBOW LORIKEET
2760.jpg,COMMON STARLING
2761.jpg,CUBAN TROGON
2762.jpg,PALILA
2763.jpg,ALBATROSS
2764.jpg,RUDY KINGFISHER
2765.jpg,GRAY CATBIRD
2766.jpg,MALLARD DUCK
2767.jpg,CLARKS NUTCRACKER
2768.jpg,BLACK-NECKED GREBE
2769.jpg,FRIGATE
2770.jpg,OVENBIRD
2771.jpg,TAIWAN MAGPIE
2772.jpg,BLACKBURNIAM WARBLER
2773.jpg,HORNED LARK
2774.jpg,BLUE HERON
2775.jpg,CASPIAN TERN
2776.jpg,SHOEBILL
2777.jpg,JAVA SPARROW
2778.jpg,ARARIPE MANAKIN
2779.jpg,PEACOCK
2780.jpg,CANARY
2781.jpg,EASTERN TOWEE
2782.jpg,VERMILION FLYCATHER
2783.jpg,CLARKS NUTCRACKER
2784.jpg,BLACK FRANCOLIN
2785.jpg,EMPEROR PENGUIN
2786.jpg,ROBIN
2787.jpg,RAZORBILL
2788.jpg,NORTHERN MOCKINGBIRD
2789.jpg,STRAWBERRY FINCH
2790.jpg,RED TAILED HAWK
2791.jpg,NORTHERN FLICKER
2792.jpg,GOULDIAN FINCH
2793.jpg,VERMILION FLYCATHER
2794.jpg,DOUBLE BRESTED CORMARANT
2795.jpg,PURPLE FINCH
2796.jpg,PARADISE TANAGER
2797.jpg,PHILIPPINE EAGLE
2798.jpg,GOLDEN CHLOROPHONIA
2799.jpg,ANNAS HUMMINGBIRD
2800.jpg,BLUE HERON
2801.jpg,ENGGANO MYNA
2802.jpg,CHUKAR PARTRIDGE
2803.jpg,SRI LANKA BLUE MAGPIE
2804.jpg,KAKAPO
2805.jpg,GREATOR SAGE GROUSE
2806.jpg,EMU
2807.jpg,MALEO
2808.jpg,PYGMY KINGFISHER
2809.jpg,RED FACED WARBLER
2810.jpg,STRAWBERRY FINCH
2811.jpg,BAY-BREASTED WARBLER
2812.jpg,LEARS MACAW
2813.jpg,BANANAQUIT
2814.jpg,BANANAQUIT
2815.jpg,ROSY FACED LOVEBIRD
2816.jpg,PARADISE TANAGER
2817.jpg,ROADRUNNER
2818.jpg,CANARY
2819.jpg,BLONDE CRESTED WOODPECKER
2820.jpg,ASIAN CRESTED IBIS
2821.jpg,PARAKETT  AKULET
2822.jpg,GOLDEN PIPIT
2823.jpg,RED BROWED FINCH
2824.jpg,MANDRIN DUCK
2825.jpg,BAR-TAILED GODWIT
2826.jpg,VARIED THRUSH
2827.jpg,MALABAR HORNBILL
2828.jpg,BEARDED BELLBIRD
2829.jpg,HORNED LARK
2830.jpg,GREATOR SAGE GROUSE
2831.jpg,OYSTER CATCHER
2832.jpg,TAKAHE
2833.jpg,PINK ROBIN
2834.jpg,BLACK SWAN
2835.jpg,GUINEA TURACO
2836.jpg,SRI LANKA BLUE MAGPIE
2837.jpg,RED BELLIED PITTA
2838.jpg,GREEN BROADBILL
2839.jpg,GLOSSY IBIS
2840.jpg,WHITE CHEEKED TURACO
2841.jpg,EASTERN ROSELLA
2842.jpg,NORTHERN RED BISHOP
2843.jpg,COMMON STARLING
2844.jpg,AMERICAN GOLDFINCH
2845.jpg,BLACK VULTURE
2846.jpg,GREY PLOVER
2847.jpg,NORTHERN RED BISHOP
2848.jpg,FAIRY BLUEBIRD
2849.jpg,MIKADO  PHEASANT
2850.jpg,HIMALAYAN MONAL
2851.jpg,EASTERN ROSELLA
2852.jpg,CROWNED PIGEON
2853.jpg,GREEN JAY
2854.jpg,GILA WOODPECKER
2855.jpg,BORNEAN LEAFBIRD
2856.jpg,WILSONS BIRD OF PARADISE
2857.jpg,KIWI
2858.jpg,VIOLET GREEN SWALLOW
2859.jpg,ROYAL FLYCATCHER
2860.jpg,PHILIPPINE EAGLE
2861.jpg,EMPEROR PENGUIN
2862.jpg,BEARDED BARBET
2863.jpg,GLOSSY IBIS
2864.jpg,YELLOW BELLIED FLOWERPECKER
2865.jpg,BLONDE CRESTED WOODPECKER
2866.jpg,EASTERN MEADOWLARK
2867.jpg,COMMON GRACKLE
2868.jpg,RUFOUS KINGFISHER
2869.jpg,ANNAS HUMMINGBIRD
2870.jpg,BLONDE CRESTED WOODPECKER
2871.jpg,OCELLATED TURKEY
2872.jpg,MALAGASY WHITE EYE
2873.jpg,SMITHS LONGSPUR
2874.jpg,BLUE HERON
2875.jpg,GRAY PARTRIDGE
2876.jpg,QUETZAL
2877.jpg,STRIPPED SWALLOW
2878.jpg,CINNAMON TEAL
2879.jpg,CANARY
2880.jpg,PAINTED BUNTIG
2881.jpg,CEDAR WAXWING
2882.jpg,OVENBIRD
2883.jpg,ANHINGA
2884.jpg,BLACK & YELLOW bROADBILL
2885.jpg,TAKAHE
2886.jpg,LILAC ROLLER
2887.jpg,TRUMPTER SWAN
2888.jpg,GOLDEN PHEASANT
2889.jpg,OKINAWA RAIL
2890.jpg,GOLDEN EAGLE
2891.jpg,HIMALAYAN MONAL
2892.jpg,WHIMBREL
2893.jpg,HORNED LARK
2894.jpg,WATTLED CURASSOW
2895.jpg,CRESTED CARACARA
2896.jpg,SUPERB STARLING
2897.jpg,INCA TERN
2898.jpg,CURL CRESTED ARACURI
2899.jpg,CINNAMON TEAL
2900.jpg,BLACKBURNIAM WARBLER
2901.jpg,STEAMER DUCK
2902.jpg,CALIFORNIA CONDOR
2903.jpg,BLACK & YELLOW bROADBILL
2904.jpg,VULTURINE GUINEAFOWL
2905.jpg,GRAY PARTRIDGE
2906.jpg,ENGGANO MYNA
2907.jpg,PELICAN
2908.jpg,AFRICAN CROWNED CRANE
2909.jpg,PHILIPPINE EAGLE
2910.jpg,BLACK-THROATED SPARROW
2911.jpg,SUPERB STARLING
2912.jpg,FIRE TAILLED MYZORNIS
2913.jpg,WOOD DUCK
2914.jpg,VERMILION FLYCATHER
2915.jpg,HORNED SUNGEM
2916.jpg,BLACK THROATED BUSHTIT
2917.jpg,CHUKAR PARTRIDGE
2918.jpg,MALABAR HORNBILL
2919.jpg,REGENT BOWERBIRD
2920.jpg,HOODED MERGANSER
2921.jpg,INDIGO BUNTING
2922.jpg,ELEGANT TROGON
2923.jpg,BAY-BREASTED WARBLER
2924.jpg,HORNED SUNGEM
2925.jpg,CAPPED HERON
2926.jpg,SNOWY EGRET
2927.jpg,BLACK FRANCOLIN
2928.jpg,BAR-TAILED GODWIT
2929.jpg,HORNED SUNGEM
2930.jpg,INDIAN PITTA
2931.jpg,ORANGE BRESTED BUNTING
2932.jpg,WILD TURKEY
2933.jpg,RUDY KINGFISHER
2934.jpg,HOOPOES
2935.jpg,BLACK VULTURE
2936.jpg,PUFFIN
2937.jpg,AMERICAN REDSTART
2938.jpg,BALD IBIS
2939.jpg,BALTIMORE ORIOLE
2940.jpg,CINNAMON TEAL
2941.jpg,BLACK FRANCOLIN
2942.jpg,PARUS MAJOR
2943.jpg,CALIFORNIA CONDOR
2944.jpg,SMITHS LONGSPUR
2945.jpg,BIRD OF PARADISE
2946.jpg,TURKEY VULTURE
2947.jpg,WILSONS BIRD OF PARADISE
2948.jpg,BORNEAN BRISTLEHEAD
2949.jpg,KIWI
2950.jpg,GRAY PARTRIDGE
2951.jpg,GYRFALCON
2952.jpg,PARUS MAJOR
2953.jpg,EASTERN BLUEBIRD
2954.jpg,BANANAQUIT
2955.jpg,SPANGLED COTINGA
2956.jpg,MALACHITE KINGFISHER
2957.jpg,GILA WOODPECKER
2958.jpg,TREE SWALLOW
2959.jpg,EVENING GROSBEAK
2960.jpg,KAGU
2961.jpg,GREATOR SAGE GROUSE
2962.jpg,BLUE GROUSE
2963.jpg,WHITE CHEEKED TURACO
2964.jpg,TURQUOISE MOTMOT
2965.jpg,AFRICAN CROWNED CRANE
2966.jpg,LEARS MACAW
2967.jpg,DOWNY WOODPECKER
2968.jpg,COMMON GRACKLE
2969.jpg,TREE SWALLOW
2970.jpg,CRESTED AUKLET
2971.jpg,YELLOW CACIQUE
2972.jpg,COMMON GRACKLE
2973.jpg,STRAWBERRY FINCH
2974.jpg,VENEZUELIAN TROUPIAL
2975.jpg,PINK ROBIN
2976.jpg,BALD IBIS
2977.jpg,GREEN JAY
2978.jpg,RED BELLIED PITTA
2979.jpg,ELLIOTS  PHEASANT
2980.jpg,SPLENDID WREN
2981.jpg,GREY PLOVER
2982.jpg,DOWNY WOODPECKER
2983.jpg,EURASIAN MAGPIE
2984.jpg,WALL CREAPER
2985.jpg,ARARIPE MANAKIN
2986.jpg,INDIGO BUNTING
2987.jpg,RUFUOS MOTMOT
2988.jpg,BOBOLINK
2989.jpg,ALBATROSS
2990.jpg,YELLOW BELLIED FLOWERPECKER
2991.jpg,AMERICAN BITTERN
2992.jpg,HORNED GUAN
2993.jpg,REGENT BOWERBIRD
2994.jpg,BORNEAN PHEASANT
2995.jpg,JABIRU
2996.jpg,FLAMINGO
2997.jpg,BLACK SKIMMER
2998.jpg,PURPLE MARTIN
2999.jpg,KILLDEAR
3000.jpg,VULTURINE GUINEAFOWL
3001.jpg,INDIAN BUSTARD
3002.jpg,PARUS MAJOR
3003.jpg,PEREGRINE FALCON
3004.jpg,MARABOU STORK
3005.jpg,OCELLATED TURKEY
3006.jpg,NORTHERN FLICKER
3007.jpg,SPOON BILED SANDPIPER
3008.jpg,BLACK-NECKED GREBE
3009.jpg,D-ARNAUDS BARBET
3010.jpg,BALD EAGLE
3011.jpg,SAMATRAN THRUSH
3012.jpg,NORTHERN JACANA
3013.jpg,GOLDEN CHEEKED WARBLER
3014.jpg,GOLDEN PHEASANT
3015.jpg,GREEN JAY
3016.jpg,TAIWAN MAGPIE
3017.jpg,BANANAQUIT
3018.jpg,AMERICAN GOLDFINCH
3019.jpg,EASTERN ROSELLA
3020.jpg,MANDRIN DUCK
3021.jpg,ROBIN
3022.jpg,RING-NECKED PHEASANT
3023.jpg,EASTERN MEADOWLARK
3024.jpg,BELTED KINGFISHER
3025.jpg,OSPREY
3026.jpg,OCELLATED TURKEY
3027.jpg,CRESTED AUKLET
3028.jpg,INCA TERN
3029.jpg,PYGMY KINGFISHER
3030.jpg,GRAY PARTRIDGE
3031.jpg,CRESTED AUKLET
3032.jpg,RUFUOS MOTMOT
3033.jpg,PURPLE GALLINULE
3034.jpg,BLACK-THROATED SPARROW
3035.jpg,NORTHERN FLICKER
3036.jpg,GREY PLOVER
3037.jpg,YELLOW CACIQUE
3038.jpg,AMERICAN AVOCET
3039.jpg,RAZORBILL
3040.jpg,BLACK VULTURE
3041.jpg,KAKAPO
3042.jpg,ELLIOTS  PHEASANT
3043.jpg,OYSTER CATCHER
3044.jpg,ARARIPE MANAKIN
3045.jpg,KOOKABURRA
3046.jpg,RED WINGED BLACKBIRD
3047.jpg,LILAC ROLLER
3048.jpg,VARIED THRUSH
3049.jpg,VULTURINE GUINEAFOWL
3050.jpg,ROUGH LEG BUZZARD
3051.jpg,JABIRU
3052.jpg,PARAKETT  AKULET
3053.jpg,ORANGE BRESTED BUNTING
3054.jpg,GUINEA TURACO
3055.jpg,SNOWY OWL
3056.jpg,GOLDEN PHEASANT
3057.jpg,GOLDEN CHEEKED WARBLER
3058.jpg,BROWN THRASHER
3059.jpg,ALBATROSS
3060.jpg,KAKAPO
3061.jpg,TRUMPTER SWAN
3062.jpg,MALAGASY WHITE EYE
3063.jpg,DOWNY WOODPECKER
3064.jpg,HORNBILL
3065.jpg,BEARDED BELLBIRD
3066.jpg,BROWN NOODY
3067.jpg,YELLOW CACIQUE
3068.jpg,RED NAPED TROGON
3069.jpg,CALIFORNIA GULL
3070.jpg,CERULEAN WARBLER
3071.jpg,FAIRY BLUEBIRD
3072.jpg,WILD TURKEY
3073.jpg,CACTUS WREN
3074.jpg,BLACK VULTURE
3075.jpg,PALILA
3076.jpg,AMERICAN COOT
3077.jpg,VARIED THRUSH
3078.jpg,RED TAILED THRUSH
3079.jpg,SNOWY OWL
3080.jpg,CURL CRESTED ARACURI
3081.jpg,VULTURINE GUINEAFOWL
3082.jpg,SAND MARTIN
3083.jpg,WHIMBREL
3084.jpg,CROWNED PIGEON
3085.jpg,WHITE TAILED TROPIC
3086.jpg,SUPERB STARLING
3087.jpg,SORA
3088.jpg,GREEN MAGPIE
3089.jpg,BLACK & YELLOW bROADBILL
3090.jpg,EMU
3091.jpg,RUFUOS MOTMOT
3092.jpg,RED FACED WARBLER
3093.jpg,GAMBELS QUAIL
3094.jpg,BULWERS PHEASANT
3095.jpg,HOATZIN
3096.jpg,CHUKAR PARTRIDGE
3097.jpg,KILLDEAR
3098.jpg,RED WINGED BLACKBIRD
3099.jpg,GREY PLOVER
3100.jpg,CRIMSON SUNBIRD
3101.jpg,YELLOW HEADED BLACKBIRD
3102.jpg,GOLD WING WARBLER
3103.jpg,EASTERN MEADOWLARK
3104.jpg,NORTHERN PARULA
3105.jpg,AMERICAN BITTERN
3106.jpg,SCARLET MACAW
3107.jpg,VARIED THRUSH
3108.jpg,PALILA
3109.jpg,ROUGH LEG BUZZARD
3110.jpg,SHOEBILL
3111.jpg,MASKED LAPWING
3112.jpg,BORNEAN BRISTLEHEAD
3113.jpg,TASMANIAN HEN
3114.jpg,RED HEADED DUCK
3115.jpg,BANANAQUIT
3116.jpg,GREATOR SAGE GROUSE
3117.jpg,GRAY CATBIRD
3118.jpg,KAKAPO
3119.jpg,WHIMBREL
3120.jpg,NORTHERN JACANA
3121.jpg,INDIGO BUNTING
3122.jpg,FRIGATE
3123.jpg,SHORT BILLED DOWITCHER
3124.jpg,SNOWY OWL
3125.jpg,SCARLET TANAGER
3126.jpg,TRUMPTER SWAN
3127.jpg,RING-NECKED PHEASANT
3128.jpg,TRUMPTER SWAN
3129.jpg,INDIAN PITTA
3130.jpg,MAGPIE GOOSE
3131.jpg,NORTHERN BALD IBIS
3132.jpg,FLAME TANAGER
3133.jpg,BLACK FRANCOLIN
3134.jpg,RED NAPED TROGON
3135.jpg,AMERICAN BITTERN
3136.jpg,RED HEADED DUCK
3137.jpg,BORNEAN PHEASANT
3138.jpg,SCARLET TANAGER
3139.jpg,TEAL DUCK
3140.jpg,SNOWY EGRET
3141.jpg,GOLDEN PHEASANT
3142.jpg,GILDED FLICKER
3143.jpg,RING-NECKED PHEASANT
3144.jpg,ALBATROSS
3145.jpg,HORNED LARK
3146.jpg,BLACK-NECKED GREBE
3147.jpg,STEAMER DUCK
3148.jpg,PUFFIN
3149.jpg,COMMON STARLING
3150.jpg,PUFFIN
3151.jpg,RED TAILED THRUSH
3152.jpg,VERMILION FLYCATHER
3153.jpg,ROADRUNNER
3154.jpg,EASTERN ROSELLA
3155.jpg,TEAL DUCK
3156.jpg,FRIGATE
3157.jpg,VERMILION FLYCATHER
3158.jpg,BLUE GROUSE
3159.jpg,ALBATROSS
3160.jpg,NORTHERN JACANA
3161.jpg,BAR-TAILED GODWIT
3162.jpg,WILD TURKEY
3163.jpg,CACTUS WREN
3164.jpg,CACTUS WREN
3165.jpg,AFRICAN CROWNED CRANE
3166.jpg,SCARLET TANAGER
3167.jpg,PELICAN
3168.jpg,GYRFALCON
3169.jpg,FLAMINGO
3170.jpg,GANG GANG COCKATOO
3171.jpg,ELLIOTS  PHEASANT
3172.jpg,PUFFIN
3173.jpg,ELEGANT TROGON
3174.jpg,BELTED KINGFISHER
3175.jpg,SNOWY EGRET
3176.jpg,ALBATROSS
3177.jpg,TRUMPTER SWAN
3178.jpg,FLAMINGO
3179.jpg,INDIAN PITTA
3180.jpg,GUINEA TURACO
3181.jpg,ROADRUNNER
3182.jpg,INDIAN PITTA
3183.jpg,NORTHERN BALD IBIS
3184.jpg,MARABOU STORK
3185.jpg,BLACK SKIMMER
3186.jpg,SNOWY EGRET
3187.jpg,BORNEAN BRISTLEHEAD
3188.jpg,STRAWBERRY FINCH
3189.jpg,GOLDEN PHEASANT
3190.jpg,COLLARED ARACARI
3191.jpg,CRIMSON SUNBIRD
3192.jpg,COCK OF THE  ROCK
3193.jpg,TRUMPTER SWAN
3194.jpg,FLAMINGO
3195.jpg,ELEGANT TROGON
3196.jpg,SNOWY EGRET
3197.jpg,AFRICAN FIREFINCH
3198.jpg,GOLDEN PHEASANT
3199.jpg,CURL CRESTED ARACURI
3200.jpg,OSPREY
3201.jpg,MASKED LAPWING
3202.jpg,TRUMPTER SWAN
3203.jpg,AMERICAN BITTERN
3204.jpg,CARMINE BEE-EATER
3205.jpg,TEAL DUCK
3206.jpg,AFRICAN FIREFINCH
3207.jpg,OCELLATED TURKEY
3208.jpg,WILSONS BIRD OF PARADISE
3209.jpg,GUINEA TURACO
3210.jpg,CHARA DE COLLAR
3211.jpg,EASTERN ROSELLA
3212.jpg,COMMON LOON
3213.jpg,SCARLET TANAGER
3214.jpg,TRUMPTER SWAN
3215.jpg,NORTHERN BALD IBIS
3216.jpg,BLACK SKIMMER
3217.jpg,WILSONS BIRD OF PARADISE
3218.jpg,CACTUS WREN
3219.jpg,ELEGANT TROGON
3220.jpg,HARPY EAGLE
3221.jpg,BROWN CREPPER
3222.jpg,BALD IBIS
3223.jpg,SCARLET TANAGER
3224.jpg,SORA
3225.jpg,SCARLET TANAGER
3226.jpg,BALD IBIS
3227.jpg,CAPPED HERON
3228.jpg,ALBATROSS
3229.jpg,BAR-TAILED GODWIT
3230.jpg,STRAWBERRY FINCH
3231.jpg,RING-NECKED PHEASANT
3232.jpg,BORNEAN BRISTLEHEAD
3233.jpg,VERMILION FLYCATHER
3234.jpg,SCARLET TANAGER
3235.jpg,GUINEA TURACO
3236.jpg,SCARLET TANAGER
3237.jpg,MALLARD DUCK
3238.jpg,AMERICAN BITTERN
3239.jpg,PUFFIN
3240.jpg,BEARDED REEDLING
3241.jpg,OCELLATED TURKEY
3242.jpg,PELICAN
3243.jpg,CUBAN TROGON
