id,predict value,Probability,
AFRICAN FIREFINCH,NORTHERN CARDINAL,57.77103305,N
ALEXANDRINE PARAKEET,CUBAN TODY,62.77371049,N
ALEXANDRINE PARAKEET,GUINEA TURACO,99.48949218,N
AMERICAN AVOCET,SPOONBILL,42.20239818,N
AMERICAN GOLDFINCH,CANARY,69.4857657,N
AMERICAN PIPIT,BROWN CREPPER,51.64292455,N
AMERICAN REDSTART,CAPE MAY WARBLER,63.87264729,N
ANHINGA,COMMON LOON,45.43088675,N
ANTBIRD,HOOPOES,95.10147572,N
BALD IBIS,ENGGANO MYNA,78.3364892,N
BALD IBIS,NORTHERN BALD IBIS,99.51672554,N
BALD IBIS,CURL CRESTED ARACURI,73.24898243,N
BALTIMORE ORIOLE,VENEZUELIAN TROUPIAL,99.32600856,N
BANDED BROADBILL,D-ARNAUDS BARBET,25.1409024,N
BAR-TAILED GODWIT,GREY PLOVER,97.62653708,N
BAR-TAILED GODWIT,SHORT BILLED DOWITCHER,45.02446949,N
BARN OWL,TRUMPTER SWAN,61.76538467,N
BEARDED BARBET,FRIGATE,71.51018381,N
BIRD OF PARADISE,CINNAMON TEAL,70.37721872,N
BIRD OF PARADISE,FLAME TANAGER,85.46226025,N
BLACK FRANCOLIN,GRAY PARTRIDGE,96.36945128,N
BLACK SKIMMER,BELTED KINGFISHER,63.82524967,N
BLACK TAIL CRAKE,CASSOWARY,48.17479551,N
BLACK THROATED WARBLER,CROW,56.13954067,N
BLACK VULTURE,CACTUS WREN,90.11012912,N
BLACK VULTURE,WHITE NECKED RAVEN,37.51573265,N
BLACK-CAPPED CHICKADEE,HOODED MERGANSER,68.31978559,N
BLACK-NECKED GREBE,CALIFORNIA CONDOR,69.95952129,N
BLACKBURNIAM WARBLER,TOWNSENDS WARBLER,54.86689806,N
BLUE GROUSE,WOOD DUCK,71.44634128,N
BLUE GROUSE,VULTURINE GUINEAFOWL,57.4888289,N
BLUE HERON,SHOEBILL,94.03501749,N
BLUE HERON,SHOEBILL,87.9108429,N
BLUE HERON,SHOEBILL,92.15177894,N
BLUE HERON,BLACK THROATED WARBLER,50.06968379,N
BOBOLINK,EASTERN MEADOWLARK,50.92678666,N
BORNEAN LEAFBIRD,ROSY FACED LOVEBIRD,52.76204348,N
BORNEAN LEAFBIRD,GOLDEN CHLOROPHONIA,52.40604281,N
BORNEAN LEAFBIRD,FIRE TAILLED MYZORNIS,61.20057702,N
BROWN CREPPER,ROUGH LEG BUZZARD,71.61844969,N
BROWN NOODY,BLACK-THROATED SPARROW,52.12864876,N
BROWN THRASHER,GREAT POTOO,90.30535221,N
CACTUS WREN,NORTHERN GOSHAWK,74.46820736,N
CACTUS WREN,AMERICAN BITTERN,21.02283686,N
CALIFORNIA CONDOR,WATTLED CURASSOW,89.35819864,N
CALIFORNIA CONDOR,BLACK VULTURE,59.15134549,N
CALIFORNIA GULL,TRUMPTER SWAN,54.28393483,N
CALIFORNIA GULL,TRUMPTER SWAN,39.35037851,N
CALIFORNIA QUAIL,OSPREY,45.0368762,N
CAPPED HERON,GREEN JAY,78.60640883,N
CAPUCHINBIRD,BARN OWL,91.70364141,N
CARMINE BEE-EATER,PINK ROBIN,99.96003509,N
CASPIAN TERN,CRESTED AUKLET,22.02561945,N
CASSOWARY,RED BELLIED PITTA,94.75256205,N
CERULEAN WARBLER,CLARKS NUTCRACKER,53.41876149,N
CHARA DE COLLAR,TREE SWALLOW,76.72610879,N
CHIPPING SPARROW,HOUSE SPARROW,99.90164042,N
COCK OF THE  ROCK,NORTHERN CARDINAL,99.90754128,N
COCKATOO,WHITE TAILED TROPIC,57.11994767,N
COMMON FIRECREST,CRIMSON SUNBIRD,60.08956432,N
COMMON GRACKLE,ANTBIRD,64.68173265,N
COMMON HOUSE MARTIN,RAZORBILL,99.82438087,N
COUCHS KINGBIRD,TIT MOUSE,37.95498908,N
CRESTED CARACARA,DOUBLE BRESTED CORMARANT,60.82459092,N
CRESTED NUTHATCH,SPLENDID WREN,37.44504452,N
CROWNED PIGEON,VICTORIA CROWNED PIGEON,99.4600296,N
CROWNED PIGEON,WHITE NECKED RAVEN,83.36582184,N
CROW,WHITE NECKED RAVEN,77.51315236,N
CROW,WHITE NECKED RAVEN,76.72014832,N
D-ARNAUDS BARBET,CACTUS WREN,87.80890107,N
DARK EYED JUNCO,GRAY CATBIRD,52.24447846,N
DARK EYED JUNCO,GRAY CATBIRD,99.12022352,N
DARK EYED JUNCO,JAVA SPARROW,61.38632894,N
DARK EYED JUNCO,PARAKETT  AKULET,98.30393195,N
DOUBLE BRESTED CORMARANT,RED FACED CORMORANT,99.11828041,N
EASTERN ROSELLA,ROYAL FLYCATCHER,94.47436929,N
EASTERN ROSELLA,VERMILION FLYCATHER,75.73074102,N
EASTERN TOWEE,CINNAMON TEAL,83.13359022,N
ELLIOTS  PHEASANT,PUFFIN,61.11219525,N
EMU,BAY-BREASTED WARBLER,77.3070991,N
EURASIAN GOLDEN ORIOLE,AMERICAN GOLDFINCH,76.08004808,N
EVENING GROSBEAK,NORTHERN MOCKINGBIRD,37.10653782,N
FLAME TANAGER,VERMILION FLYCATHER,98.62135053,N
FLAMINGO,NORTHERN CARDINAL,99.95438457,N
FLAMINGO,WALL CREAPER,60.70825458,N
FRIGATE,CROW,56.78395033,N
FRIGATE,WALL CREAPER,46.89432979,N
FRIGATE,SCARLET IBIS,62.80323267,N
FRIGATE,WALL CREAPER,90.22423029,N
GILA WOODPECKER,BLUE GROUSE,91.42764211,N
GILDED FLICKER,KING VULTURE,95.39992809,N
GILDED FLICKER,CLARKS NUTCRACKER,32.63549507,N
GLOSSY IBIS,NORTHERN BALD IBIS,43.25349033,N
GLOSSY IBIS,WOOD DUCK,75.11024475,N
GO AWAY BIRD,TIT MOUSE,74.88082051,N
GO AWAY BIRD,BLACK-CAPPED CHICKADEE,92.57983565,N
GOLD WING WARBLER,NORTHERN PARULA,82.3410809,N
GOLDEN EAGLE,DOUBLE BRESTED CORMARANT,70.10178566,N
GOLDEN EAGLE,CALIFORNIA CONDOR,61.02895737,N
GOLDEN PHEASANT,BLONDE CRESTED WOODPECKER,43.72008741,N
GRAY CATBIRD,CRESTED NUTHATCH,99.93971586,N
GRAY PARTRIDGE,COMMON POORWILL,95.55122256,N
GRAY PARTRIDGE,AMERICAN BITTERN,38.19596469,N
GREAT POTOO,PHILIPPINE EAGLE,71.29644156,N
GREAT POTOO,GYRFALCON,51.61858797,N
GUINEAFOWL,WILD TURKEY,48.24939072,N
GYRFALCON,SNOWY OWL,99.80797768,N
HAWAIIAN GOOSE,MARABOU STORK,38.98042738,N
HOATZIN,BANDED PITA,67.59569049,N
HOATZIN,CACTUS WREN,50.21359921,N
HOATZIN,STRAWBERRY FINCH,59.86195803,N
HOATZIN,CINNAMON TEAL,23.02416116,N
HOODED MERGANSER,BLACK-CAPPED CHICKADEE,42.28585958,N
HOOPOES,AMERICAN PIPIT,62.3456955,N
HORNBILL,PEACOCK,81.58749342,N
HORNED GUAN,SWINHOES PHEASANT,86.97063327,N
HORNED GUAN,PURPLE SWAMPHEN,99.51369166,N
HORNED GUAN,MIKADO  PHEASANT,57.06956387,N
HOUSE SPARROW,CHIPPING SPARROW,63.49380612,N
IMPERIAL SHAQ,RAZORBILL,99.93299246,N
IMPERIAL SHAQ,MARABOU STORK,68.21748018,N
IMPERIAL SHAQ,RED WINGED BLACKBIRD,48.34468961,N
INDIGO BUNTING,PURPLE GALLINULE,61.23159528,N
KILLDEAR,AMERICAN KESTREL,63.31793666,N
KING VULTURE,OYSTER CATCHER,55.92225194,N
KING VULTURE,WILSONS BIRD OF PARADISE,68.17046404,N
KOOKABURRA,TRUMPTER SWAN,52.7169764,N
LEARS MACAW,FAIRY BLUEBIRD,54.73194718,N
LEARS MACAW,CROWNED PIGEON,89.82101083,N
LILAC ROLLER,BELTED KINGFISHER,90.24505615,N
LONG-EARED OWL,PELICAN,49.81070459,N
LONG-EARED OWL,GREATOR SAGE GROUSE,54.10518646,N
MAGPIE GOOSE,MARABOU STORK,73.77256155,N
MALABAR HORNBILL,HORNBILL,54.11407351,N
MALABAR HORNBILL,SHOEBILL,88.98404837,N
MALACHITE KINGFISHER,PYGMY KINGFISHER,99.84585047,N
MALAGASY WHITE EYE,CANARY,95.35222054,N
MALEO,AMERICAN REDSTART,46.05491459,N
MALLARD DUCK,BLACK FRANCOLIN,99.55442548,N
MARABOU STORK,PURPLE FINCH,53.72719169,N
MASKED BOOBY,KING VULTURE,74.55115914,N
MASKED BOOBY,NORTHERN GANNET,96.51017189,N
MASKED LAPWING,BLACK-CAPPED CHICKADEE,97.0023632,N
MASKED LAPWING,PYGMY KINGFISHER,39.32403624,N
MIKADO  PHEASANT,WILD TURKEY,99.82725382,N
MOURNING DOVE,KIWI,99.80157614,N
MYNA,CRESTED CARACARA,90.66203237,N
NOISY FRIARBIRD,RED WISKERED BULBUL,71.70583606,N
NOISY FRIARBIRD,BARN SWALLOW,87.76288033,N
NOISY FRIARBIRD,CHARA DE COLLAR,61.4164412,N
NOISY FRIARBIRD,WOOD DUCK,48.34881723,N
NOISY FRIARBIRD,MARABOU STORK,39.4306004,N
NORTHERN BALD IBIS,GAMBELS QUAIL,38.45678568,N
NORTHERN BALD IBIS,BALD IBIS,88.2050693,N
NORTHERN BALD IBIS,BALD IBIS,63.99481893,N
NORTHERN BALD IBIS,RED FACED CORMORANT,45.05799711,N
NORTHERN CARDINAL,SCARLET TANAGER,52.93184519,N
NORTHERN CARDINAL,AFRICAN FIREFINCH,44.67895925,N
NORTHERN CARDINAL,JABIRU,47.48609066,N
NORTHERN CARDINAL,EASTERN ROSELLA,52.26189494,N
NORTHERN FLICKER,GILDED FLICKER,92.22311378,N
NORTHERN FLICKER,GILDED FLICKER,74.96570945,N
NORTHERN GANNET,MASKED BOOBY,85.66196561,N
NORTHERN GANNET,BARN OWL,66.06184244,N
NORTHERN GANNET,MASKED BOOBY,79.92901802,N
NORTHERN GANNET,SNOWY EGRET,54.24323678,N
NORTHERN GOSHAWK,ROUGH LEG BUZZARD,45.31587362,N
NORTHERN GOSHAWK,BLUE GROUSE,78.56262922,N
NORTHERN GOSHAWK,VULTURINE GUINEAFOWL,53.76902819,N
NORTHERN MOCKINGBIRD,TREE SWALLOW,47.51820862,N
NORTHERN MOCKINGBIRD,MOURNING DOVE,44.98716891,N
NORTHERN MOCKINGBIRD,CERULEAN WARBLER,65.9941256,N
NORTHERN MOCKINGBIRD,COUCHS KINGBIRD,71.73779011,N
NORTHERN MOCKINGBIRD,NORTHERN GOSHAWK,46.41095698,N
NORTHERN SHOVELER,HARPY EAGLE,25.07580817,N
OCELLATED TURKEY,KING VULTURE,86.6188705,N
OCELLATED TURKEY,MIKADO  PHEASANT,66.03572369,N
OCELLATED TURKEY,TEAL DUCK,47.89559543,N
OKINAWA RAIL,VULTURINE GUINEAFOWL,96.46664262,N
OKINAWA RAIL,VULTURINE GUINEAFOWL,68.02313924,N
OKINAWA RAIL,VULTURINE GUINEAFOWL,81.70005679,N
OSPREY,ROADRUNNER,73.42950106,N
PARADISE TANAGER,VICTORIA CROWNED PIGEON,93.41759682,N
PELICAN,OSPREY,67.13187695,N
PELICAN,AFRICAN CROWNED CRANE,61.80027127,N
PELICAN,MASKED BOOBY,28.38489413,N
PEREGRINE FALCON,GYRFALCON,35.22289991,N
PEREGRINE FALCON,CRESTED AUKLET,42.24239886,N
PHILIPPINE EAGLE,GREAT POTOO,81.29867911,N
PURPLE FINCH,STRAWBERRY FINCH,98.48492146,N
PURPLE MARTIN,EURASIAN MAGPIE,40.64555764,N
PURPLE MARTIN,COMMON GRACKLE,54.05535698,N
PURPLE SWAMPHEN,OKINAWA RAIL,72.26635218,N
PURPLE SWAMPHEN,CASSOWARY,55.07096052,N
PYGMY KINGFISHER,RUFOUS KINGFISHER,62.05407977,N
RAINBOW LORIKEET,PAINTED BUNTIG,55.926615,N
RED FACED CORMORANT,RED WINGED BLACKBIRD,87.52001524,N
RED TAILED HAWK,NORTHERN GOSHAWK,58.51886272,N
RED TAILED HAWK,GREAT POTOO,69.62196827,N
RED TAILED THRUSH,BORNEAN BRISTLEHEAD,46.41378224,N
ROADRUNNER,GREATOR SAGE GROUSE,83.45910907,N
ROCK DOVE,GREY PLOVER,28.35355401,N
ROUGH LEG BUZZARD,GREAT POTOO,41.15526378,N
RUBY THROATED HUMMINGBIRD,ANNAS HUMMINGBIRD,95.09875774,N
RUBY THROATED HUMMINGBIRD,CARMINE BEE-EATER,73.20162058,N
SAMATRAN THRUSH,KAGU,96.87775373,N
SAMATRAN THRUSH,BROWN NOODY,94.3780601,N
SAND MARTIN,AMERICAN COOT,52.92254686,N
SAND MARTIN,MOURNING DOVE,56.02107048,N
SANDHILL CRANE,ASIAN CRESTED IBIS,99.99995232,N
SANDHILL CRANE,CASPIAN TERN,94.90633011,N
SANDHILL CRANE,DOUBLE BARRED FINCH,72.86604643,N
SCARLET IBIS,STRAWBERRY FINCH,66.46814346,N
SCARLET IBIS,NORTHERN CARDINAL,63.12041879,N
SCARLET IBIS,GANG GANG COCKATOO,89.01162744,N
SHOEBILL,ALBATROSS,76.97923183,N
SMITHS LONGSPUR,ROADRUNNER,42.99758673,N
SMITHS LONGSPUR,D-ARNAUDS BARBET,93.73075962,N
SNOWY EGRET,BALD EAGLE,73.54434133,N
SNOWY OWL,GYRFALCON,99.67561364,N
SNOWY OWL,GYRFALCON,51.55502558,N
SORA,LONG-EARED OWL,64.2064631,N
SPLENDID WREN,INDIGO BUNTING,99.74581599,N
SPLENDID WREN,VICTORIA CROWNED PIGEON,70.66153288,N
SPOONBILL,ELEGANT TROGON,21.38902098,N
SPOONBILL,WHITE CHEEKED TURACO,44.21106875,N
STEAMER DUCK,PEREGRINE FALCON,41.02652371,N
STORK BILLED KINGFISHER,PYGMY KINGFISHER,62.01207638,N
TAIWAN MAGPIE,ANNAS HUMMINGBIRD,57.17594624,N
TAIWAN MAGPIE,BLONDE CRESTED WOODPECKER,86.7356658,N
TASMANIAN HEN,KIWI,20.38361728,N
TEAL DUCK,AFRICAN CROWNED CRANE,87.70054579,N
TEAL DUCK,CINNAMON TEAL,34.52470899,N
TIT MOUSE,GO AWAY BIRD,64.20211196,N
TIT MOUSE,GYRFALCON,69.71504092,N
TOUCHAN,CURL CRESTED ARACURI,95.99307179,N
TURKEY VULTURE,ASIAN CRESTED IBIS,99.71979856,N
TURKEY VULTURE,BALD IBIS,72.72530198,N
UMBRELLA BIRD,IMPERIAL SHAQ,88.90584707,N
VARIED THRUSH,RUFUOS MOTMOT,57.00936913,N
VERMILION FLYCATHER,SCARLET TANAGER,85.51093936,N
VICTORIA CROWNED PIGEON,CROWNED PIGEON,76.24610662,N
VICTORIA CROWNED PIGEON,COMMON GRACKLE,66.77595377,N
VULTURINE GUINEAFOWL,GUINEAFOWL,99.91393089,N
WHITE CHEEKED TURACO,CASPIAN TERN,94.24120784,N
WHITE NECKED RAVEN,BLACK VULTURE,68.41734052,N
WHITE TAILED TROPIC,TIT MOUSE,68.81657243,N
WHITE THROATED BEE EATER,NORTHERN CARDINAL,94.61194277,N
WHITE THROATED BEE EATER,DOUBLE BARRED FINCH,93.63473058,N
WILD TURKEY,MIKADO  PHEASANT,70.26401758,N
WOOD DUCK,ELLIOTS  PHEASANT,85.9824419,N
YELLOW BELLIED FLOWERPECKER,BANANAQUIT,62.03482151,N
YELLOW CACIQUE,LEARS MACAW,97.6236403,N
YELLOW HEADED BLACKBIRD,BOBOLINK,74.67018962,N
YELLOW HEADED BLACKBIRD,CANARY,60.16040444,N
AFRICAN CROWNED CRANE,AFRICAN CROWNED CRANE,70.22876143,Y
AFRICAN CROWNED CRANE,AFRICAN CROWNED CRANE,99.99996424,Y
AFRICAN CROWNED CRANE,AFRICAN CROWNED CRANE,98.61931205,Y
AFRICAN CROWNED CRANE,AFRICAN CROWNED CRANE,100,Y
AFRICAN CROWNED CRANE,AFRICAN CROWNED CRANE,84.24165845,Y
AFRICAN FIREFINCH,AFRICAN FIREFINCH,99.99876022,Y
AFRICAN FIREFINCH,AFRICAN FIREFINCH,97.67508507,Y
AFRICAN FIREFINCH,AFRICAN FIREFINCH,99.97909665,Y
AFRICAN FIREFINCH,AFRICAN FIREFINCH,99.95803237,Y
ALBATROSS,ALBATROSS,71.02764845,Y
ALBATROSS,ALBATROSS,92.23788977,Y
ALBATROSS,ALBATROSS,99.72923398,Y
ALBATROSS,ALBATROSS,39.31600451,Y
ALBATROSS,ALBATROSS,94.67289448,Y
ALEXANDRINE PARAKEET,ALEXANDRINE PARAKEET,99.9799192,Y
ALEXANDRINE PARAKEET,ALEXANDRINE PARAKEET,99.99982119,Y
ALEXANDRINE PARAKEET,ALEXANDRINE PARAKEET,99.67261553,Y
AMERICAN AVOCET,AMERICAN AVOCET,100,Y
AMERICAN AVOCET,AMERICAN AVOCET,99.99991655,Y
AMERICAN AVOCET,AMERICAN AVOCET,100,Y
AMERICAN AVOCET,AMERICAN AVOCET,99.99985695,Y
AMERICAN BITTERN,AMERICAN BITTERN,99.56395626,Y
AMERICAN BITTERN,AMERICAN BITTERN,99.1674602,Y
AMERICAN BITTERN,AMERICAN BITTERN,96.71714902,Y
AMERICAN BITTERN,AMERICAN BITTERN,34.42185223,Y
AMERICAN BITTERN,AMERICAN BITTERN,99.99258518,Y
AMERICAN COOT,AMERICAN COOT,100,Y
AMERICAN COOT,AMERICAN COOT,54.76666093,Y
AMERICAN COOT,AMERICAN COOT,99.99806881,Y
AMERICAN COOT,AMERICAN COOT,99.98906851,Y
AMERICAN COOT,AMERICAN COOT,99.98170733,Y
AMERICAN GOLDFINCH,AMERICAN GOLDFINCH,99.86061454,Y
AMERICAN GOLDFINCH,AMERICAN GOLDFINCH,99.98167157,Y
AMERICAN GOLDFINCH,AMERICAN GOLDFINCH,52.62836218,Y
AMERICAN GOLDFINCH,AMERICAN GOLDFINCH,99.99961853,Y
AMERICAN KESTREL,AMERICAN KESTREL,22.83402234,Y
AMERICAN KESTREL,AMERICAN KESTREL,96.41901851,Y
AMERICAN KESTREL,AMERICAN KESTREL,96.54420018,Y
AMERICAN KESTREL,AMERICAN KESTREL,44.87499297,Y
AMERICAN KESTREL,AMERICAN KESTREL,98.42349887,Y
AMERICAN PIPIT,AMERICAN PIPIT,99.96207952,Y
AMERICAN PIPIT,AMERICAN PIPIT,99.99947548,Y
AMERICAN PIPIT,AMERICAN PIPIT,99.52785969,Y
AMERICAN PIPIT,AMERICAN PIPIT,73.06498289,Y
AMERICAN REDSTART,AMERICAN REDSTART,99.71107244,Y
AMERICAN REDSTART,AMERICAN REDSTART,100,Y
AMERICAN REDSTART,AMERICAN REDSTART,99.77218509,Y
AMERICAN REDSTART,AMERICAN REDSTART,98.69373441,Y
ANHINGA,ANHINGA,99.34626818,Y
ANHINGA,ANHINGA,99.89377856,Y
ANHINGA,ANHINGA,99.99098778,Y
ANHINGA,ANHINGA,99.11626577,Y
ANNAS HUMMINGBIRD,ANNAS HUMMINGBIRD,99.9999404,Y
ANNAS HUMMINGBIRD,ANNAS HUMMINGBIRD,99.99685287,Y
ANNAS HUMMINGBIRD,ANNAS HUMMINGBIRD,100,Y
ANNAS HUMMINGBIRD,ANNAS HUMMINGBIRD,99.8641789,Y
ANNAS HUMMINGBIRD,ANNAS HUMMINGBIRD,99.99963045,Y
ANTBIRD,ANTBIRD,91.65260196,Y
ANTBIRD,ANTBIRD,99.89646673,Y
ANTBIRD,ANTBIRD,95.25442123,Y
ANTBIRD,ANTBIRD,99.99967813,Y
ARARIPE MANAKIN,ARARIPE MANAKIN,100,Y
ARARIPE MANAKIN,ARARIPE MANAKIN,100,Y
ARARIPE MANAKIN,ARARIPE MANAKIN,100,Y
ARARIPE MANAKIN,ARARIPE MANAKIN,100,Y
ARARIPE MANAKIN,ARARIPE MANAKIN,100,Y
ASIAN CRESTED IBIS,ASIAN CRESTED IBIS,99.99991655,Y
ASIAN CRESTED IBIS,ASIAN CRESTED IBIS,98.25152159,Y
ASIAN CRESTED IBIS,ASIAN CRESTED IBIS,99.89681244,Y
ASIAN CRESTED IBIS,ASIAN CRESTED IBIS,99.99914169,Y
ASIAN CRESTED IBIS,ASIAN CRESTED IBIS,100,Y
BALD EAGLE,BALD EAGLE,99.99998808,Y
BALD EAGLE,BALD EAGLE,98.27566147,Y
BALD EAGLE,BALD EAGLE,100,Y
BALD EAGLE,BALD EAGLE,60.15328765,Y
BALD EAGLE,BALD EAGLE,100,Y
BALD IBIS,BALD IBIS,99.98984337,Y
BALD IBIS,BALD IBIS,99.57811832,Y
BALI STARLING,BALI STARLING,99.99637604,Y
BALI STARLING,BALI STARLING,99.99845028,Y
BALI STARLING,BALI STARLING,99.99837875,Y
BALI STARLING,BALI STARLING,99.99998808,Y
BALI STARLING,BALI STARLING,99.99995232,Y
BALTIMORE ORIOLE,BALTIMORE ORIOLE,99.97441173,Y
BALTIMORE ORIOLE,BALTIMORE ORIOLE,93.55666041,Y
BALTIMORE ORIOLE,BALTIMORE ORIOLE,100,Y
BALTIMORE ORIOLE,BALTIMORE ORIOLE,99.98743534,Y
BANANAQUIT,BANANAQUIT,99.99701977,Y
BANANAQUIT,BANANAQUIT,99.98831749,Y
BANANAQUIT,BANANAQUIT,99.87674952,Y
BANANAQUIT,BANANAQUIT,99.99997616,Y
BANANAQUIT,BANANAQUIT,99.64817762,Y
BANDED BROADBILL,BANDED BROADBILL,99.99996424,Y
BANDED BROADBILL,BANDED BROADBILL,99.47890043,Y
BANDED BROADBILL,BANDED BROADBILL,99.99992847,Y
BANDED BROADBILL,BANDED BROADBILL,99.99406338,Y
BANDED PITA,BANDED PITA,99.99980927,Y
BANDED PITA,BANDED PITA,100,Y
BANDED PITA,BANDED PITA,100,Y
BANDED PITA,BANDED PITA,100,Y
BANDED PITA,BANDED PITA,100,Y
BAR-TAILED GODWIT,BAR-TAILED GODWIT,94.00337934,Y
BAR-TAILED GODWIT,BAR-TAILED GODWIT,70.49160004,Y
BAR-TAILED GODWIT,BAR-TAILED GODWIT,82.72634149,Y
BARN OWL,BARN OWL,62.31433749,Y
BARN OWL,BARN OWL,99.90868568,Y
BARN OWL,BARN OWL,98.00854325,Y
BARN OWL,BARN OWL,99.42289591,Y
BARN SWALLOW,BARN SWALLOW,100,Y
BARN SWALLOW,BARN SWALLOW,99.99798536,Y
BARN SWALLOW,BARN SWALLOW,100,Y
BARN SWALLOW,BARN SWALLOW,99.99916553,Y
BARN SWALLOW,BARN SWALLOW,99.34840798,Y
BARRED PUFFBIRD,BARRED PUFFBIRD,99.97933507,Y
BARRED PUFFBIRD,BARRED PUFFBIRD,99.93870258,Y
BARRED PUFFBIRD,BARRED PUFFBIRD,82.31083751,Y
BARRED PUFFBIRD,BARRED PUFFBIRD,64.02507424,Y
BARRED PUFFBIRD,BARRED PUFFBIRD,99.87176657,Y
BAY-BREASTED WARBLER,BAY-BREASTED WARBLER,98.5543251,Y
BAY-BREASTED WARBLER,BAY-BREASTED WARBLER,91.49987698,Y
BAY-BREASTED WARBLER,BAY-BREASTED WARBLER,99.99991655,Y
BAY-BREASTED WARBLER,BAY-BREASTED WARBLER,99.94556308,Y
BAY-BREASTED WARBLER,BAY-BREASTED WARBLER,89.35976028,Y
BEARDED BARBET,BEARDED BARBET,66.83193445,Y
BEARDED BARBET,BEARDED BARBET,99.99969006,Y
BEARDED BARBET,BEARDED BARBET,100,Y
BEARDED BARBET,BEARDED BARBET,33.60737562,Y
BEARDED BELLBIRD,BEARDED BELLBIRD,100,Y
BEARDED BELLBIRD,BEARDED BELLBIRD,99.9994278,Y
BEARDED BELLBIRD,BEARDED BELLBIRD,100,Y
BEARDED BELLBIRD,BEARDED BELLBIRD,100,Y
BEARDED BELLBIRD,BEARDED BELLBIRD,100,Y
BEARDED REEDLING,BEARDED REEDLING,99.99998808,Y
BEARDED REEDLING,BEARDED REEDLING,100,Y
BEARDED REEDLING,BEARDED REEDLING,86.69863343,Y
BEARDED REEDLING,BEARDED REEDLING,99.98342991,Y
BEARDED REEDLING,BEARDED REEDLING,99.99947548,Y
BELTED KINGFISHER,BELTED KINGFISHER,99.99662638,Y
BELTED KINGFISHER,BELTED KINGFISHER,96.52769566,Y
BELTED KINGFISHER,BELTED KINGFISHER,99.92019534,Y
BELTED KINGFISHER,BELTED KINGFISHER,99.99287128,Y
BELTED KINGFISHER,BELTED KINGFISHER,98.11350107,Y
BIRD OF PARADISE,BIRD OF PARADISE,99.9999404,Y
BIRD OF PARADISE,BIRD OF PARADISE,80.91676831,Y
BIRD OF PARADISE,BIRD OF PARADISE,99.9999404,Y
BLACK & YELLOW bROADBILL,BLACK & YELLOW bROADBILL,99.9994874,Y
BLACK & YELLOW bROADBILL,BLACK & YELLOW bROADBILL,99.99909401,Y
BLACK & YELLOW bROADBILL,BLACK & YELLOW bROADBILL,100,Y
BLACK & YELLOW bROADBILL,BLACK & YELLOW bROADBILL,100,Y
BLACK & YELLOW bROADBILL,BLACK & YELLOW bROADBILL,99.97647405,Y
BLACK FRANCOLIN,BLACK FRANCOLIN,99.76710677,Y
BLACK FRANCOLIN,BLACK FRANCOLIN,99.99996424,Y
BLACK FRANCOLIN,BLACK FRANCOLIN,98.46433401,Y
BLACK FRANCOLIN,BLACK FRANCOLIN,99.97341037,Y
BLACK SKIMMER,BLACK SKIMMER,69.16363835,Y
BLACK SKIMMER,BLACK SKIMMER,60.86460352,Y
BLACK SKIMMER,BLACK SKIMMER,92.69795418,Y
BLACK SKIMMER,BLACK SKIMMER,99.99793768,Y
BLACK SWAN,BLACK SWAN,100,Y
BLACK SWAN,BLACK SWAN,100,Y
BLACK SWAN,BLACK SWAN,100,Y
BLACK SWAN,BLACK SWAN,99.92944002,Y
BLACK SWAN,BLACK SWAN,97.91114926,Y
BLACK TAIL CRAKE,BLACK TAIL CRAKE,100,Y
BLACK TAIL CRAKE,BLACK TAIL CRAKE,100,Y
BLACK TAIL CRAKE,BLACK TAIL CRAKE,100,Y
BLACK TAIL CRAKE,BLACK TAIL CRAKE,98.63333106,Y
BLACK THROATED BUSHTIT,BLACK THROATED BUSHTIT,100,Y
BLACK THROATED BUSHTIT,BLACK THROATED BUSHTIT,99.99991655,Y
BLACK THROATED BUSHTIT,BLACK THROATED BUSHTIT,100,Y
BLACK THROATED BUSHTIT,BLACK THROATED BUSHTIT,99.9997735,Y
BLACK THROATED BUSHTIT,BLACK THROATED BUSHTIT,99.69363213,Y
BLACK THROATED WARBLER,BLACK THROATED WARBLER,99.39674139,Y
BLACK THROATED WARBLER,BLACK THROATED WARBLER,98.35181236,Y
BLACK THROATED WARBLER,BLACK THROATED WARBLER,100,Y
BLACK THROATED WARBLER,BLACK THROATED WARBLER,99.99885559,Y
BLACK VULTURE,BLACK VULTURE,99.99614954,Y
BLACK VULTURE,BLACK VULTURE,97.96960354,Y
BLACK VULTURE,BLACK VULTURE,95.67010403,Y
BLACK-CAPPED CHICKADEE,BLACK-CAPPED CHICKADEE,100,Y
BLACK-CAPPED CHICKADEE,BLACK-CAPPED CHICKADEE,94.96908784,Y
BLACK-CAPPED CHICKADEE,BLACK-CAPPED CHICKADEE,99.40113425,Y
BLACK-CAPPED CHICKADEE,BLACK-CAPPED CHICKADEE,99.99998808,Y
BLACK-NECKED GREBE,BLACK-NECKED GREBE,99.8634398,Y
BLACK-NECKED GREBE,BLACK-NECKED GREBE,99.99549389,Y
BLACK-NECKED GREBE,BLACK-NECKED GREBE,99.93828535,Y
BLACK-NECKED GREBE,BLACK-NECKED GREBE,94.97742057,Y
BLACK-THROATED SPARROW,BLACK-THROATED SPARROW,99.99988079,Y
BLACK-THROATED SPARROW,BLACK-THROATED SPARROW,100,Y
BLACK-THROATED SPARROW,BLACK-THROATED SPARROW,99.99995232,Y
BLACK-THROATED SPARROW,BLACK-THROATED SPARROW,89.4816339,Y
BLACK-THROATED SPARROW,BLACK-THROATED SPARROW,99.99309778,Y
BLACKBURNIAM WARBLER,BLACKBURNIAM WARBLER,87.40034103,Y
BLACKBURNIAM WARBLER,BLACKBURNIAM WARBLER,100,Y
BLACKBURNIAM WARBLER,BLACKBURNIAM WARBLER,99.99963045,Y
BLACKBURNIAM WARBLER,BLACKBURNIAM WARBLER,99.99970198,Y
BLONDE CRESTED WOODPECKER,BLONDE CRESTED WOODPECKER,99.99998808,Y
BLONDE CRESTED WOODPECKER,BLONDE CRESTED WOODPECKER,99.99536276,Y
BLONDE CRESTED WOODPECKER,BLONDE CRESTED WOODPECKER,100,Y
BLONDE CRESTED WOODPECKER,BLONDE CRESTED WOODPECKER,99.3417263,Y
BLONDE CRESTED WOODPECKER,BLONDE CRESTED WOODPECKER,99.99985695,Y
BLUE GROUSE,BLUE GROUSE,36.37983799,Y
BLUE GROUSE,BLUE GROUSE,99.7146666,Y
BLUE GROUSE,BLUE GROUSE,99.2135644,Y
BLUE HERON,BLUE HERON,83.68633986,Y
BOBOLINK,BOBOLINK,99.99836683,Y
BOBOLINK,BOBOLINK,99.93855953,Y
BOBOLINK,BOBOLINK,99.99984503,Y
BOBOLINK,BOBOLINK,71.10224366,Y
BORNEAN BRISTLEHEAD,BORNEAN BRISTLEHEAD,99.99973774,Y
BORNEAN BRISTLEHEAD,BORNEAN BRISTLEHEAD,99.98540878,Y
BORNEAN BRISTLEHEAD,BORNEAN BRISTLEHEAD,99.74765182,Y
BORNEAN BRISTLEHEAD,BORNEAN BRISTLEHEAD,99.99998808,Y
BORNEAN BRISTLEHEAD,BORNEAN BRISTLEHEAD,99.38050508,Y
BORNEAN LEAFBIRD,BORNEAN LEAFBIRD,99.57396984,Y
BORNEAN LEAFBIRD,BORNEAN LEAFBIRD,82.88787603,Y
BORNEAN PHEASANT,BORNEAN PHEASANT,99.97113347,Y
BORNEAN PHEASANT,BORNEAN PHEASANT,99.97788072,Y
BORNEAN PHEASANT,BORNEAN PHEASANT,99.87994432,Y
BORNEAN PHEASANT,BORNEAN PHEASANT,99.997437,Y
BORNEAN PHEASANT,BORNEAN PHEASANT,99.99769926,Y
BROWN CREPPER,BROWN CREPPER,96.24770284,Y
BROWN CREPPER,BROWN CREPPER,99.99904633,Y
BROWN CREPPER,BROWN CREPPER,99.99974966,Y
BROWN CREPPER,BROWN CREPPER,53.83386612,Y
BROWN NOODY,BROWN NOODY,99.91232753,Y
BROWN NOODY,BROWN NOODY,99.77759719,Y
BROWN NOODY,BROWN NOODY,83.78715515,Y
BROWN NOODY,BROWN NOODY,99.88718629,Y
BROWN THRASHER,BROWN THRASHER,99.82574582,Y
BROWN THRASHER,BROWN THRASHER,92.14605093,Y
BROWN THRASHER,BROWN THRASHER,99.99451637,Y
BROWN THRASHER,BROWN THRASHER,92.24626422,Y
BULWERS PHEASANT,BULWERS PHEASANT,100,Y
BULWERS PHEASANT,BULWERS PHEASANT,86.85715199,Y
BULWERS PHEASANT,BULWERS PHEASANT,100,Y
BULWERS PHEASANT,BULWERS PHEASANT,100,Y
BULWERS PHEASANT,BULWERS PHEASANT,100,Y
CACTUS WREN,CACTUS WREN,94.494313,Y
CACTUS WREN,CACTUS WREN,95.44112682,Y
CACTUS WREN,CACTUS WREN,99.98959303,Y
CALIFORNIA CONDOR,CALIFORNIA CONDOR,99.99991655,Y
CALIFORNIA CONDOR,CALIFORNIA CONDOR,99.99938011,Y
CALIFORNIA CONDOR,CALIFORNIA CONDOR,92.80165434,Y
CALIFORNIA GULL,CALIFORNIA GULL,93.86320114,Y
CALIFORNIA GULL,CALIFORNIA GULL,66.74742699,Y
CALIFORNIA GULL,CALIFORNIA GULL,99.9777019,Y
CALIFORNIA QUAIL,CALIFORNIA QUAIL,58.47680569,Y
CALIFORNIA QUAIL,CALIFORNIA QUAIL,99.99655485,Y
CALIFORNIA QUAIL,CALIFORNIA QUAIL,99.98954535,Y
CALIFORNIA QUAIL,CALIFORNIA QUAIL,99.99988079,Y
CANARY,CANARY,99.771595,Y
CANARY,CANARY,90.46028256,Y
CANARY,CANARY,99.99984503,Y
CANARY,CANARY,100,Y
CANARY,CANARY,96.76187038,Y
CAPE MAY WARBLER,CAPE MAY WARBLER,99.98756647,Y
CAPE MAY WARBLER,CAPE MAY WARBLER,99.9871254,Y
CAPE MAY WARBLER,CAPE MAY WARBLER,99.99718666,Y
CAPE MAY WARBLER,CAPE MAY WARBLER,99.99951124,Y
CAPE MAY WARBLER,CAPE MAY WARBLER,99.64687824,Y
CAPPED HERON,CAPPED HERON,99.99997616,Y
CAPPED HERON,CAPPED HERON,99.9024272,Y
CAPPED HERON,CAPPED HERON,99.99963045,Y
CAPPED HERON,CAPPED HERON,99.99998808,Y
CAPUCHINBIRD,CAPUCHINBIRD,99.80832338,Y
CAPUCHINBIRD,CAPUCHINBIRD,99.99998808,Y
CAPUCHINBIRD,CAPUCHINBIRD,99.90136623,Y
CAPUCHINBIRD,CAPUCHINBIRD,99.83910322,Y
CARMINE BEE-EATER,CARMINE BEE-EATER,99.94667172,Y
CARMINE BEE-EATER,CARMINE BEE-EATER,38.74068856,Y
CARMINE BEE-EATER,CARMINE BEE-EATER,100,Y
CARMINE BEE-EATER,CARMINE BEE-EATER,100,Y
CASPIAN TERN,CASPIAN TERN,99.99973774,Y
CASPIAN TERN,CASPIAN TERN,100,Y
CASPIAN TERN,CASPIAN TERN,100,Y
CASPIAN TERN,CASPIAN TERN,100,Y
CASSOWARY,CASSOWARY,99.99841452,Y
CASSOWARY,CASSOWARY,97.98881412,Y
CASSOWARY,CASSOWARY,75.871557,Y
CASSOWARY,CASSOWARY,99.99965429,Y
CEDAR WAXWING,CEDAR WAXWING,99.99929667,Y
CEDAR WAXWING,CEDAR WAXWING,99.99983311,Y
CEDAR WAXWING,CEDAR WAXWING,99.99936819,Y
CEDAR WAXWING,CEDAR WAXWING,99.82599616,Y
CEDAR WAXWING,CEDAR WAXWING,99.0033567,Y
CERULEAN WARBLER,CERULEAN WARBLER,100,Y
CERULEAN WARBLER,CERULEAN WARBLER,99.99998808,Y
CERULEAN WARBLER,CERULEAN WARBLER,99.63986874,Y
CERULEAN WARBLER,CERULEAN WARBLER,100,Y
CHARA DE COLLAR,CHARA DE COLLAR,99.90867376,Y
CHARA DE COLLAR,CHARA DE COLLAR,99.99063015,Y
CHARA DE COLLAR,CHARA DE COLLAR,99.9997735,Y
CHARA DE COLLAR,CHARA DE COLLAR,96.12195492,Y
CHIPPING SPARROW,CHIPPING SPARROW,99.99821186,Y
CHIPPING SPARROW,CHIPPING SPARROW,100,Y
CHIPPING SPARROW,CHIPPING SPARROW,100,Y
CHIPPING SPARROW,CHIPPING SPARROW,99.99822378,Y
CHUKAR PARTRIDGE,CHUKAR PARTRIDGE,99.99983311,Y
CHUKAR PARTRIDGE,CHUKAR PARTRIDGE,99.72667694,Y
CHUKAR PARTRIDGE,CHUKAR PARTRIDGE,99.98931885,Y
CHUKAR PARTRIDGE,CHUKAR PARTRIDGE,100,Y
CHUKAR PARTRIDGE,CHUKAR PARTRIDGE,100,Y
CINNAMON TEAL,CINNAMON TEAL,100,Y
CINNAMON TEAL,CINNAMON TEAL,98.93219471,Y
CINNAMON TEAL,CINNAMON TEAL,99.83248115,Y
CINNAMON TEAL,CINNAMON TEAL,99.68286157,Y
CINNAMON TEAL,CINNAMON TEAL,99.99608994,Y
CLARKS NUTCRACKER,CLARKS NUTCRACKER,45.14979124,Y
CLARKS NUTCRACKER,CLARKS NUTCRACKER,98.77582192,Y
CLARKS NUTCRACKER,CLARKS NUTCRACKER,34.47713554,Y
CLARKS NUTCRACKER,CLARKS NUTCRACKER,83.78065228,Y
CLARKS NUTCRACKER,CLARKS NUTCRACKER,99.746418,Y
COCK OF THE  ROCK,COCK OF THE  ROCK,99.93777275,Y
COCK OF THE  ROCK,COCK OF THE  ROCK,99.99997616,Y
COCK OF THE  ROCK,COCK OF THE  ROCK,99.8708725,Y
COCK OF THE  ROCK,COCK OF THE  ROCK,100,Y
COCKATOO,COCKATOO,99.8341918,Y
COCKATOO,COCKATOO,96.76783085,Y
COCKATOO,COCKATOO,99.84111786,Y
COCKATOO,COCKATOO,99.9730885,Y
COLLARED ARACARI,COLLARED ARACARI,100,Y
COLLARED ARACARI,COLLARED ARACARI,99.99976158,Y
COLLARED ARACARI,COLLARED ARACARI,99.99557734,Y
COLLARED ARACARI,COLLARED ARACARI,99.99117851,Y
COLLARED ARACARI,COLLARED ARACARI,77.15588212,Y
COMMON FIRECREST,COMMON FIRECREST,99.5796442,Y
COMMON FIRECREST,COMMON FIRECREST,81.31614923,Y
COMMON FIRECREST,COMMON FIRECREST,100,Y
COMMON FIRECREST,COMMON FIRECREST,99.87635612,Y
COMMON GRACKLE,COMMON GRACKLE,99.99992847,Y
COMMON GRACKLE,COMMON GRACKLE,99.20658469,Y
COMMON GRACKLE,COMMON GRACKLE,99.98509884,Y
COMMON GRACKLE,COMMON GRACKLE,100,Y
COMMON HOUSE MARTIN,COMMON HOUSE MARTIN,99.98961687,Y
COMMON HOUSE MARTIN,COMMON HOUSE MARTIN,98.75361323,Y
COMMON HOUSE MARTIN,COMMON HOUSE MARTIN,62.21289039,Y
COMMON HOUSE MARTIN,COMMON HOUSE MARTIN,65.15452862,Y
COMMON LOON,COMMON LOON,100,Y
COMMON LOON,COMMON LOON,95.57373524,Y
COMMON LOON,COMMON LOON,64.23624754,Y
COMMON LOON,COMMON LOON,99.99986887,Y
COMMON LOON,COMMON LOON,99.99867678,Y
COMMON POORWILL,COMMON POORWILL,99.90860224,Y
COMMON POORWILL,COMMON POORWILL,82.53417015,Y
COMMON POORWILL,COMMON POORWILL,99.98068213,Y
COMMON POORWILL,COMMON POORWILL,99.50019717,Y
COMMON POORWILL,COMMON POORWILL,99.99995232,Y
COMMON STARLING,COMMON STARLING,100,Y
COMMON STARLING,COMMON STARLING,99.99916553,Y
COMMON STARLING,COMMON STARLING,99.99454021,Y
COMMON STARLING,COMMON STARLING,99.99980927,Y
COMMON STARLING,COMMON STARLING,100,Y
COUCHS KINGBIRD,COUCHS KINGBIRD,99.87851977,Y
COUCHS KINGBIRD,COUCHS KINGBIRD,99.99996424,Y
COUCHS KINGBIRD,COUCHS KINGBIRD,77.5816977,Y
COUCHS KINGBIRD,COUCHS KINGBIRD,93.51878762,Y
CRESTED AUKLET,CRESTED AUKLET,100,Y
CRESTED AUKLET,CRESTED AUKLET,99.99964237,Y
CRESTED AUKLET,CRESTED AUKLET,100,Y
CRESTED AUKLET,CRESTED AUKLET,100,Y
CRESTED AUKLET,CRESTED AUKLET,76.32312179,Y
CRESTED CARACARA,CRESTED CARACARA,100,Y
CRESTED CARACARA,CRESTED CARACARA,100,Y
CRESTED CARACARA,CRESTED CARACARA,99.99991655,Y
CRESTED CARACARA,CRESTED CARACARA,100,Y
CRESTED NUTHATCH,CRESTED NUTHATCH,98.88106585,Y
CRESTED NUTHATCH,CRESTED NUTHATCH,96.38820887,Y
CRESTED NUTHATCH,CRESTED NUTHATCH,99.99960661,Y
CRESTED NUTHATCH,CRESTED NUTHATCH,99.99719858,Y
CRIMSON SUNBIRD,CRIMSON SUNBIRD,100,Y
CRIMSON SUNBIRD,CRIMSON SUNBIRD,100,Y
CRIMSON SUNBIRD,CRIMSON SUNBIRD,99.76949096,Y
CRIMSON SUNBIRD,CRIMSON SUNBIRD,98.77804518,Y
CRIMSON SUNBIRD,CRIMSON SUNBIRD,98.57453108,Y
CROWNED PIGEON,CROWNED PIGEON,96.55333757,Y
CROWNED PIGEON,CROWNED PIGEON,96.40859365,Y
CROWNED PIGEON,CROWNED PIGEON,90.54687023,Y
CROW,CROW,96.6361165,Y
CROW,CROW,99.47435856,Y
CROW,CROW,81.22954369,Y
CUBAN TODY,CUBAN TODY,100,Y
CUBAN TODY,CUBAN TODY,100,Y
CUBAN TODY,CUBAN TODY,100,Y
CUBAN TODY,CUBAN TODY,100,Y
CUBAN TODY,CUBAN TODY,100,Y
CUBAN TROGON,CUBAN TROGON,100,Y
CUBAN TROGON,CUBAN TROGON,99.997437,Y
CUBAN TROGON,CUBAN TROGON,100,Y
CUBAN TROGON,CUBAN TROGON,99.9997735,Y
CUBAN TROGON,CUBAN TROGON,100,Y
CURL CRESTED ARACURI,CURL CRESTED ARACURI,99.58646297,Y
CURL CRESTED ARACURI,CURL CRESTED ARACURI,99.95929599,Y
CURL CRESTED ARACURI,CURL CRESTED ARACURI,99.99947548,Y
CURL CRESTED ARACURI,CURL CRESTED ARACURI,99.99951124,Y
CURL CRESTED ARACURI,CURL CRESTED ARACURI,99.86686707,Y
D-ARNAUDS BARBET,D-ARNAUDS BARBET,91.15239382,Y
D-ARNAUDS BARBET,D-ARNAUDS BARBET,99.88024235,Y
D-ARNAUDS BARBET,D-ARNAUDS BARBET,99.85405207,Y
D-ARNAUDS BARBET,D-ARNAUDS BARBET,99.86793399,Y
DARK EYED JUNCO,DARK EYED JUNCO,100,Y
DOUBLE BARRED FINCH,DOUBLE BARRED FINCH,99.96628761,Y
DOUBLE BARRED FINCH,DOUBLE BARRED FINCH,99.99998808,Y
DOUBLE BARRED FINCH,DOUBLE BARRED FINCH,99.99129772,Y
DOUBLE BARRED FINCH,DOUBLE BARRED FINCH,99.97979999,Y
DOUBLE BARRED FINCH,DOUBLE BARRED FINCH,99.99983311,Y
DOUBLE BRESTED CORMARANT,DOUBLE BRESTED CORMARANT,91.58790112,Y
DOUBLE BRESTED CORMARANT,DOUBLE BRESTED CORMARANT,97.31140733,Y
DOUBLE BRESTED CORMARANT,DOUBLE BRESTED CORMARANT,99.9909997,Y
DOUBLE BRESTED CORMARANT,DOUBLE BRESTED CORMARANT,81.18311167,Y
DOWNY WOODPECKER,DOWNY WOODPECKER,99.9879241,Y
DOWNY WOODPECKER,DOWNY WOODPECKER,99.38802719,Y
DOWNY WOODPECKER,DOWNY WOODPECKER,100,Y
DOWNY WOODPECKER,DOWNY WOODPECKER,100,Y
DOWNY WOODPECKER,DOWNY WOODPECKER,99.89657402,Y
EASTERN BLUEBIRD,EASTERN BLUEBIRD,90.48687816,Y
EASTERN BLUEBIRD,EASTERN BLUEBIRD,96.12551332,Y
EASTERN BLUEBIRD,EASTERN BLUEBIRD,100,Y
EASTERN BLUEBIRD,EASTERN BLUEBIRD,100,Y
EASTERN BLUEBIRD,EASTERN BLUEBIRD,100,Y
EASTERN MEADOWLARK,EASTERN MEADOWLARK,99.98711348,Y
EASTERN MEADOWLARK,EASTERN MEADOWLARK,99.90190268,Y
EASTERN MEADOWLARK,EASTERN MEADOWLARK,100,Y
EASTERN MEADOWLARK,EASTERN MEADOWLARK,100,Y
EASTERN MEADOWLARK,EASTERN MEADOWLARK,99.9961853,Y
EASTERN ROSELLA,EASTERN ROSELLA,99.99979734,Y
EASTERN ROSELLA,EASTERN ROSELLA,99.99988079,Y
EASTERN ROSELLA,EASTERN ROSELLA,100,Y
EASTERN TOWEE,EASTERN TOWEE,99.92802739,Y
EASTERN TOWEE,EASTERN TOWEE,39.42402601,Y
EASTERN TOWEE,EASTERN TOWEE,99.90216494,Y
EASTERN TOWEE,EASTERN TOWEE,98.98747206,Y
ELEGANT TROGON,ELEGANT TROGON,99.97449517,Y
ELEGANT TROGON,ELEGANT TROGON,98.60020876,Y
ELEGANT TROGON,ELEGANT TROGON,99.85266924,Y
ELEGANT TROGON,ELEGANT TROGON,99.99986887,Y
ELEGANT TROGON,ELEGANT TROGON,100,Y
ELLIOTS  PHEASANT,ELLIOTS  PHEASANT,100,Y
ELLIOTS  PHEASANT,ELLIOTS  PHEASANT,99.99998808,Y
ELLIOTS  PHEASANT,ELLIOTS  PHEASANT,36.89211905,Y
ELLIOTS  PHEASANT,ELLIOTS  PHEASANT,98.68328571,Y
EMPEROR PENGUIN,EMPEROR PENGUIN,99.99754429,Y
EMPEROR PENGUIN,EMPEROR PENGUIN,99.99998808,Y
EMPEROR PENGUIN,EMPEROR PENGUIN,100,Y
EMPEROR PENGUIN,EMPEROR PENGUIN,99.99912977,Y
EMPEROR PENGUIN,EMPEROR PENGUIN,99.99886751,Y
EMU,EMU,89.51466084,Y
EMU,EMU,99.91206527,Y
EMU,EMU,99.95626807,Y
EMU,EMU,83.51697922,Y
ENGGANO MYNA,ENGGANO MYNA,100,Y
ENGGANO MYNA,ENGGANO MYNA,99.99549389,Y
ENGGANO MYNA,ENGGANO MYNA,99.99998808,Y
ENGGANO MYNA,ENGGANO MYNA,100,Y
ENGGANO MYNA,ENGGANO MYNA,100,Y
EURASIAN GOLDEN ORIOLE,EURASIAN GOLDEN ORIOLE,99.9091506,Y
EURASIAN GOLDEN ORIOLE,EURASIAN GOLDEN ORIOLE,99.99893904,Y
EURASIAN GOLDEN ORIOLE,EURASIAN GOLDEN ORIOLE,72.97288179,Y
EURASIAN GOLDEN ORIOLE,EURASIAN GOLDEN ORIOLE,99.99862909,Y
EURASIAN MAGPIE,EURASIAN MAGPIE,99.99855757,Y
EURASIAN MAGPIE,EURASIAN MAGPIE,99.99976158,Y
EURASIAN MAGPIE,EURASIAN MAGPIE,99.97830987,Y
EURASIAN MAGPIE,EURASIAN MAGPIE,100,Y
EURASIAN MAGPIE,EURASIAN MAGPIE,99.99939203,Y
EVENING GROSBEAK,EVENING GROSBEAK,99.93770719,Y
EVENING GROSBEAK,EVENING GROSBEAK,99.99998808,Y
EVENING GROSBEAK,EVENING GROSBEAK,99.99953508,Y
EVENING GROSBEAK,EVENING GROSBEAK,100,Y
FAIRY BLUEBIRD,FAIRY BLUEBIRD,99.99251366,Y
FAIRY BLUEBIRD,FAIRY BLUEBIRD,100,Y
FAIRY BLUEBIRD,FAIRY BLUEBIRD,100,Y
FAIRY BLUEBIRD,FAIRY BLUEBIRD,95.65230608,Y
FAIRY BLUEBIRD,FAIRY BLUEBIRD,99.99810457,Y
FIRE TAILLED MYZORNIS,FIRE TAILLED MYZORNIS,99.99998808,Y
FIRE TAILLED MYZORNIS,FIRE TAILLED MYZORNIS,99.99949932,Y
FIRE TAILLED MYZORNIS,FIRE TAILLED MYZORNIS,99.52684045,Y
FIRE TAILLED MYZORNIS,FIRE TAILLED MYZORNIS,99.98670816,Y
FIRE TAILLED MYZORNIS,FIRE TAILLED MYZORNIS,99.99997616,Y
FLAME TANAGER,FLAME TANAGER,99.99854565,Y
FLAME TANAGER,FLAME TANAGER,99.87885356,Y
FLAME TANAGER,FLAME TANAGER,99.26429391,Y
FLAME TANAGER,FLAME TANAGER,65.96123576,Y
FLAMINGO,FLAMINGO,99.37350154,Y
FLAMINGO,FLAMINGO,99.99997616,Y
FLAMINGO,FLAMINGO,100,Y
FRIGATE,FRIGATE,99.9890089,Y
GAMBELS QUAIL,GAMBELS QUAIL,99.99997616,Y
GAMBELS QUAIL,GAMBELS QUAIL,99.99096394,Y
GAMBELS QUAIL,GAMBELS QUAIL,63.74396086,Y
GAMBELS QUAIL,GAMBELS QUAIL,99.99911785,Y
GAMBELS QUAIL,GAMBELS QUAIL,100,Y
GANG GANG COCKATOO,GANG GANG COCKATOO,99.99983311,Y
GANG GANG COCKATOO,GANG GANG COCKATOO,99.9535799,Y
GANG GANG COCKATOO,GANG GANG COCKATOO,99.90773201,Y
GANG GANG COCKATOO,GANG GANG COCKATOO,41.84621572,Y
GANG GANG COCKATOO,GANG GANG COCKATOO,99.99979734,Y
GILA WOODPECKER,GILA WOODPECKER,96.92736864,Y
GILA WOODPECKER,GILA WOODPECKER,94.69672441,Y
GILA WOODPECKER,GILA WOODPECKER,99.99998808,Y
GILA WOODPECKER,GILA WOODPECKER,82.63748288,Y
GILDED FLICKER,GILDED FLICKER,56.74079061,Y
GILDED FLICKER,GILDED FLICKER,99.99988079,Y
GILDED FLICKER,GILDED FLICKER,99.99822378,Y
GLOSSY IBIS,GLOSSY IBIS,93.75474453,Y
GLOSSY IBIS,GLOSSY IBIS,99.88300204,Y
GLOSSY IBIS,GLOSSY IBIS,98.35612774,Y
GO AWAY BIRD,GO AWAY BIRD,99.99084473,Y
GO AWAY BIRD,GO AWAY BIRD,99.99752045,Y
GO AWAY BIRD,GO AWAY BIRD,99.74230528,Y
GOLD WING WARBLER,GOLD WING WARBLER,99.99990463,Y
GOLD WING WARBLER,GOLD WING WARBLER,99.99932051,Y
GOLD WING WARBLER,GOLD WING WARBLER,99.99998808,Y
GOLD WING WARBLER,GOLD WING WARBLER,99.99598265,Y
GOLDEN CHEEKED WARBLER,GOLDEN CHEEKED WARBLER,99.6949017,Y
GOLDEN CHEEKED WARBLER,GOLDEN CHEEKED WARBLER,99.9841094,Y
GOLDEN CHEEKED WARBLER,GOLDEN CHEEKED WARBLER,100,Y
GOLDEN CHEEKED WARBLER,GOLDEN CHEEKED WARBLER,99.98251796,Y
GOLDEN CHEEKED WARBLER,GOLDEN CHEEKED WARBLER,100,Y
GOLDEN CHLOROPHONIA,GOLDEN CHLOROPHONIA,99.66639876,Y
GOLDEN CHLOROPHONIA,GOLDEN CHLOROPHONIA,99.99523163,Y
GOLDEN CHLOROPHONIA,GOLDEN CHLOROPHONIA,100,Y
GOLDEN CHLOROPHONIA,GOLDEN CHLOROPHONIA,99.95172024,Y
GOLDEN CHLOROPHONIA,GOLDEN CHLOROPHONIA,100,Y
GOLDEN EAGLE,GOLDEN EAGLE,99.95125532,Y
GOLDEN EAGLE,GOLDEN EAGLE,31.18685186,Y
GOLDEN EAGLE,GOLDEN EAGLE,91.20013714,Y
GOLDEN PHEASANT,GOLDEN PHEASANT,99.99560118,Y
GOLDEN PHEASANT,GOLDEN PHEASANT,79.1170001,Y
GOLDEN PHEASANT,GOLDEN PHEASANT,83.73147845,Y
GOLDEN PHEASANT,GOLDEN PHEASANT,99.78737831,Y
GOLDEN PIPIT,GOLDEN PIPIT,99.96421337,Y
GOLDEN PIPIT,GOLDEN PIPIT,91.75216556,Y
GOLDEN PIPIT,GOLDEN PIPIT,98.04612994,Y
GOLDEN PIPIT,GOLDEN PIPIT,65.81118703,Y
GOLDEN PIPIT,GOLDEN PIPIT,99.99588728,Y
GOULDIAN FINCH,GOULDIAN FINCH,99.99758005,Y
GOULDIAN FINCH,GOULDIAN FINCH,99.41418767,Y
GOULDIAN FINCH,GOULDIAN FINCH,100,Y
GOULDIAN FINCH,GOULDIAN FINCH,99.99969006,Y
GOULDIAN FINCH,GOULDIAN FINCH,99.98861551,Y
GRAY CATBIRD,GRAY CATBIRD,98.82161021,Y
GRAY CATBIRD,GRAY CATBIRD,93.28715801,Y
GRAY CATBIRD,GRAY CATBIRD,99.99492168,Y
GRAY CATBIRD,GRAY CATBIRD,99.97333884,Y
GRAY PARTRIDGE,GRAY PARTRIDGE,85.78173518,Y
GRAY PARTRIDGE,GRAY PARTRIDGE,80.69328666,Y
GRAY PARTRIDGE,GRAY PARTRIDGE,96.39585018,Y
GREAT POTOO,GREAT POTOO,99.99850988,Y
GREAT POTOO,GREAT POTOO,58.47010016,Y
GREAT POTOO,GREAT POTOO,100,Y
GREATOR SAGE GROUSE,GREATOR SAGE GROUSE,100,Y
GREATOR SAGE GROUSE,GREATOR SAGE GROUSE,99.99041557,Y
GREATOR SAGE GROUSE,GREATOR SAGE GROUSE,99.9931097,Y
GREATOR SAGE GROUSE,GREATOR SAGE GROUSE,99.99996424,Y
GREATOR SAGE GROUSE,GREATOR SAGE GROUSE,99.15334582,Y
GREEN BROADBILL,GREEN BROADBILL,100,Y
GREEN BROADBILL,GREEN BROADBILL,100,Y
GREEN BROADBILL,GREEN BROADBILL,100,Y
GREEN BROADBILL,GREEN BROADBILL,100,Y
GREEN BROADBILL,GREEN BROADBILL,100,Y
GREEN JAY,GREEN JAY,100,Y
GREEN JAY,GREEN JAY,99.92347956,Y
GREEN JAY,GREEN JAY,99.99996424,Y
GREEN JAY,GREEN JAY,99.99973774,Y
GREEN JAY,GREEN JAY,99.99914169,Y
GREEN MAGPIE,GREEN MAGPIE,100,Y
GREEN MAGPIE,GREEN MAGPIE,100,Y
GREEN MAGPIE,GREEN MAGPIE,100,Y
GREEN MAGPIE,GREEN MAGPIE,99.99969006,Y
GREEN MAGPIE,GREEN MAGPIE,99.99206066,Y
GREY PLOVER,GREY PLOVER,99.98902082,Y
GREY PLOVER,GREY PLOVER,99.99284744,Y
GREY PLOVER,GREY PLOVER,78.30141783,Y
GREY PLOVER,GREY PLOVER,99.99786615,Y
GREY PLOVER,GREY PLOVER,99.90406632,Y
GUINEA TURACO,GUINEA TURACO,99.95730519,Y
GUINEA TURACO,GUINEA TURACO,99.9999404,Y
GUINEA TURACO,GUINEA TURACO,99.99979734,Y
GUINEA TURACO,GUINEA TURACO,99.97836947,Y
GUINEA TURACO,GUINEA TURACO,99.99827147,Y
GUINEAFOWL,GUINEAFOWL,100,Y
GUINEAFOWL,GUINEAFOWL,99.25689101,Y
GUINEAFOWL,GUINEAFOWL,99.99992847,Y
GUINEAFOWL,GUINEAFOWL,100,Y
GYRFALCON,GYRFALCON,97.68112898,Y
GYRFALCON,GYRFALCON,98.14049602,Y
GYRFALCON,GYRFALCON,76.66364312,Y
GYRFALCON,GYRFALCON,49.28455651,Y
HARPY EAGLE,HARPY EAGLE,95.76677084,Y
HARPY EAGLE,HARPY EAGLE,97.7158308,Y
HARPY EAGLE,HARPY EAGLE,27.72478461,Y
HARPY EAGLE,HARPY EAGLE,98.04937243,Y
HARPY EAGLE,HARPY EAGLE,99.96925592,Y
HAWAIIAN GOOSE,HAWAIIAN GOOSE,96.6116488,Y
HAWAIIAN GOOSE,HAWAIIAN GOOSE,99.95418787,Y
HAWAIIAN GOOSE,HAWAIIAN GOOSE,99.99716282,Y
HAWAIIAN GOOSE,HAWAIIAN GOOSE,99.7271955,Y
HELMET VANGA,HELMET VANGA,99.70179796,Y
HELMET VANGA,HELMET VANGA,100,Y
HELMET VANGA,HELMET VANGA,99.87555742,Y
HELMET VANGA,HELMET VANGA,99.9997735,Y
HELMET VANGA,HELMET VANGA,53.33184004,Y
HIMALAYAN MONAL,HIMALAYAN MONAL,100,Y
HIMALAYAN MONAL,HIMALAYAN MONAL,99.99768734,Y
HIMALAYAN MONAL,HIMALAYAN MONAL,99.99992847,Y
HIMALAYAN MONAL,HIMALAYAN MONAL,99.99998808,Y
HIMALAYAN MONAL,HIMALAYAN MONAL,99.99585152,Y
HOATZIN,HOATZIN,99.33127761,Y
HOODED MERGANSER,HOODED MERGANSER,100,Y
HOODED MERGANSER,HOODED MERGANSER,99.99995232,Y
HOODED MERGANSER,HOODED MERGANSER,100,Y
HOODED MERGANSER,HOODED MERGANSER,99.99998808,Y
HOOPOES,HOOPOES,93.05122495,Y
HOOPOES,HOOPOES,100,Y
HOOPOES,HOOPOES,99.99982119,Y
HOOPOES,HOOPOES,99.86906648,Y
HORNBILL,HORNBILL,99.56257343,Y
HORNBILL,HORNBILL,99.56436157,Y
HORNBILL,HORNBILL,99.33632612,Y
HORNBILL,HORNBILL,58.66168141,Y
HORNED GUAN,HORNED GUAN,98.39088321,Y
HORNED GUAN,HORNED GUAN,92.86328554,Y
HORNED LARK,HORNED LARK,99.78536963,Y
HORNED LARK,HORNED LARK,100,Y
HORNED LARK,HORNED LARK,99.99779463,Y
HORNED LARK,HORNED LARK,96.65895104,Y
HORNED LARK,HORNED LARK,100,Y
HORNED SUNGEM,HORNED SUNGEM,100,Y
HORNED SUNGEM,HORNED SUNGEM,100,Y
HORNED SUNGEM,HORNED SUNGEM,99.99885559,Y
HORNED SUNGEM,HORNED SUNGEM,100,Y
HORNED SUNGEM,HORNED SUNGEM,99.99998808,Y
HOUSE FINCH,HOUSE FINCH,99.98080134,Y
HOUSE FINCH,HOUSE FINCH,99.87383485,Y
HOUSE FINCH,HOUSE FINCH,99.931705,Y
HOUSE FINCH,HOUSE FINCH,99.1800487,Y
HOUSE FINCH,HOUSE FINCH,99.9956727,Y
HOUSE SPARROW,HOUSE SPARROW,98.00890684,Y
HOUSE SPARROW,HOUSE SPARROW,99.99978542,Y
HOUSE SPARROW,HOUSE SPARROW,99.83143806,Y
HOUSE SPARROW,HOUSE SPARROW,99.99952316,Y
IMPERIAL SHAQ,IMPERIAL SHAQ,58.12892914,Y
IMPERIAL SHAQ,IMPERIAL SHAQ,99.94091988,Y
INCA TERN,INCA TERN,99.00196791,Y
INCA TERN,INCA TERN,99.99228716,Y
INCA TERN,INCA TERN,100,Y
INCA TERN,INCA TERN,99.90984201,Y
INCA TERN,INCA TERN,100,Y
INDIAN BUSTARD,INDIAN BUSTARD,99.99389648,Y
INDIAN BUSTARD,INDIAN BUSTARD,97.95117378,Y
INDIAN BUSTARD,INDIAN BUSTARD,99.99080896,Y
INDIAN BUSTARD,INDIAN BUSTARD,99.9769628,Y
INDIAN BUSTARD,INDIAN BUSTARD,58.73292685,Y
INDIAN PITTA,INDIAN PITTA,99.99998808,Y
INDIAN PITTA,INDIAN PITTA,100,Y
INDIAN PITTA,INDIAN PITTA,99.9997735,Y
INDIAN PITTA,INDIAN PITTA,100,Y
INDIAN PITTA,INDIAN PITTA,99.99961853,Y
INDIGO BUNTING,INDIGO BUNTING,99.99907017,Y
INDIGO BUNTING,INDIGO BUNTING,99.99865294,Y
INDIGO BUNTING,INDIGO BUNTING,100,Y
INDIGO BUNTING,INDIGO BUNTING,99.77086782,Y
JABIRU,JABIRU,99.98766184,Y
JABIRU,JABIRU,100,Y
JABIRU,JABIRU,65.83907604,Y
JABIRU,JABIRU,100,Y
JABIRU,JABIRU,99.99940395,Y
JAVA SPARROW,JAVA SPARROW,98.23863506,Y
JAVA SPARROW,JAVA SPARROW,99.99988079,Y
JAVA SPARROW,JAVA SPARROW,100,Y
JAVA SPARROW,JAVA SPARROW,99.92104769,Y
JAVA SPARROW,JAVA SPARROW,95.30984163,Y
KAGU,KAGU,96.77336812,Y
KAGU,KAGU,99.99973774,Y
KAGU,KAGU,64.2749548,Y
KAGU,KAGU,91.56869054,Y
KAGU,KAGU,95.62247396,Y
KAKAPO,KAKAPO,99.19580221,Y
KAKAPO,KAKAPO,99.89771843,Y
KAKAPO,KAKAPO,99.99998808,Y
KAKAPO,KAKAPO,99.96558428,Y
KAKAPO,KAKAPO,99.93699193,Y
KILLDEAR,KILLDEAR,98.6266613,Y
KILLDEAR,KILLDEAR,99.99922514,Y
KILLDEAR,KILLDEAR,99.99990463,Y
KILLDEAR,KILLDEAR,99.99996424,Y
KING VULTURE,KING VULTURE,100,Y
KING VULTURE,KING VULTURE,98.20123911,Y
KING VULTURE,KING VULTURE,99.99949932,Y
KIWI,KIWI,99.9997139,Y
KIWI,KIWI,50.22912621,Y
KIWI,KIWI,99.99997616,Y
KIWI,KIWI,99.9974966,Y
KIWI,KIWI,99.99500513,Y
KOOKABURRA,KOOKABURRA,88.08463216,Y
KOOKABURRA,KOOKABURRA,100,Y
KOOKABURRA,KOOKABURRA,99.94743466,Y
KOOKABURRA,KOOKABURRA,100,Y
LARK BUNTING,LARK BUNTING,65.44374228,Y
LARK BUNTING,LARK BUNTING,99.99877214,Y
LARK BUNTING,LARK BUNTING,99.99952316,Y
LARK BUNTING,LARK BUNTING,99.99774694,Y
LARK BUNTING,LARK BUNTING,99.99996424,Y
LEARS MACAW,LEARS MACAW,99.99060631,Y
LEARS MACAW,LEARS MACAW,99.99953508,Y
LEARS MACAW,LEARS MACAW,99.99940395,Y
LILAC ROLLER,LILAC ROLLER,99.99945164,Y
LILAC ROLLER,LILAC ROLLER,100,Y
LILAC ROLLER,LILAC ROLLER,99.9999404,Y
LILAC ROLLER,LILAC ROLLER,99.99998808,Y
LONG-EARED OWL,LONG-EARED OWL,99.87912774,Y
LONG-EARED OWL,LONG-EARED OWL,52.1689713,Y
LONG-EARED OWL,LONG-EARED OWL,99.90159273,Y
MAGPIE GOOSE,MAGPIE GOOSE,98.46935272,Y
MAGPIE GOOSE,MAGPIE GOOSE,99.99809265,Y
MAGPIE GOOSE,MAGPIE GOOSE,99.01200533,Y
MAGPIE GOOSE,MAGPIE GOOSE,100,Y
MALABAR HORNBILL,MALABAR HORNBILL,90.6458497,Y
MALABAR HORNBILL,MALABAR HORNBILL,99.98713732,Y
MALABAR HORNBILL,MALABAR HORNBILL,88.41955662,Y
MALACHITE KINGFISHER,MALACHITE KINGFISHER,99.98562336,Y
MALACHITE KINGFISHER,MALACHITE KINGFISHER,99.99997616,Y
MALACHITE KINGFISHER,MALACHITE KINGFISHER,99.98363256,Y
MALACHITE KINGFISHER,MALACHITE KINGFISHER,99.04991984,Y
MALAGASY WHITE EYE,MALAGASY WHITE EYE,61.38833165,Y
MALAGASY WHITE EYE,MALAGASY WHITE EYE,99.75141287,Y
MALAGASY WHITE EYE,MALAGASY WHITE EYE,53.90948653,Y
MALAGASY WHITE EYE,MALAGASY WHITE EYE,87.77657747,Y
MALEO,MALEO,99.98150468,Y
MALEO,MALEO,98.28447104,Y
MALEO,MALEO,96.23222351,Y
MALEO,MALEO,99.99973774,Y
MALLARD DUCK,MALLARD DUCK,100,Y
MALLARD DUCK,MALLARD DUCK,99.82514977,Y
MALLARD DUCK,MALLARD DUCK,100,Y
MALLARD DUCK,MALLARD DUCK,99.99998808,Y
MANDRIN DUCK,MANDRIN DUCK,98.94353747,Y
MANDRIN DUCK,MANDRIN DUCK,90.57685733,Y
MANDRIN DUCK,MANDRIN DUCK,99.98844862,Y
MANDRIN DUCK,MANDRIN DUCK,99.99996424,Y
MANDRIN DUCK,MANDRIN DUCK,100,Y
MARABOU STORK,MARABOU STORK,88.97351623,Y
MARABOU STORK,MARABOU STORK,99.98626709,Y
MARABOU STORK,MARABOU STORK,80.95840812,Y
MARABOU STORK,MARABOU STORK,99.99998808,Y
MASKED BOOBY,MASKED BOOBY,69.72700357,Y
MASKED BOOBY,MASKED BOOBY,86.99983954,Y
MASKED BOOBY,MASKED BOOBY,89.12591934,Y
MASKED LAPWING,MASKED LAPWING,99.9679327,Y
MASKED LAPWING,MASKED LAPWING,99.9994874,Y
MASKED LAPWING,MASKED LAPWING,99.96007085,Y
MIKADO  PHEASANT,MIKADO  PHEASANT,99.99964237,Y
MIKADO  PHEASANT,MIKADO  PHEASANT,100,Y
MIKADO  PHEASANT,MIKADO  PHEASANT,97.76973128,Y
MIKADO  PHEASANT,MIKADO  PHEASANT,99.98700619,Y
MOURNING DOVE,MOURNING DOVE,43.18501055,Y
MOURNING DOVE,MOURNING DOVE,77.52484083,Y
MOURNING DOVE,MOURNING DOVE,99.95803237,Y
MOURNING DOVE,MOURNING DOVE,99.9990344,Y
MYNA,MYNA,100,Y
MYNA,MYNA,99.99998808,Y
MYNA,MYNA,100,Y
MYNA,MYNA,99.99983311,Y
NICOBAR PIGEON,NICOBAR PIGEON,99.90672469,Y
NICOBAR PIGEON,NICOBAR PIGEON,99.94951487,Y
NICOBAR PIGEON,NICOBAR PIGEON,74.84487891,Y
NICOBAR PIGEON,NICOBAR PIGEON,99.88685846,Y
NICOBAR PIGEON,NICOBAR PIGEON,98.12355042,Y
NORTHERN BALD IBIS,NORTHERN BALD IBIS,98.46428633,Y
NORTHERN CARDINAL,NORTHERN CARDINAL,99.99985695,Y
NORTHERN FLICKER,NORTHERN FLICKER,99.9977231,Y
NORTHERN FLICKER,NORTHERN FLICKER,97.13850021,Y
NORTHERN FLICKER,NORTHERN FLICKER,99.99213219,Y
NORTHERN GANNET,NORTHERN GANNET,99.99941587,Y
NORTHERN GOSHAWK,NORTHERN GOSHAWK,53.63993645,Y
NORTHERN GOSHAWK,NORTHERN GOSHAWK,99.97802377,Y
NORTHERN JACANA,NORTHERN JACANA,99.99941587,Y
NORTHERN JACANA,NORTHERN JACANA,99.99355078,Y
NORTHERN JACANA,NORTHERN JACANA,99.99828339,Y
NORTHERN JACANA,NORTHERN JACANA,99.98278618,Y
NORTHERN JACANA,NORTHERN JACANA,94.1658318,Y
NORTHERN PARULA,NORTHERN PARULA,100,Y
NORTHERN PARULA,NORTHERN PARULA,99.99936819,Y
NORTHERN PARULA,NORTHERN PARULA,100,Y
NORTHERN PARULA,NORTHERN PARULA,100,Y
NORTHERN PARULA,NORTHERN PARULA,88.5529995,Y
NORTHERN RED BISHOP,NORTHERN RED BISHOP,99.99989271,Y
NORTHERN RED BISHOP,NORTHERN RED BISHOP,99.91894364,Y
NORTHERN RED BISHOP,NORTHERN RED BISHOP,92.11856723,Y
NORTHERN RED BISHOP,NORTHERN RED BISHOP,100,Y
NORTHERN RED BISHOP,NORTHERN RED BISHOP,99.93157387,Y
NORTHERN SHOVELER,NORTHERN SHOVELER,99.99998808,Y
NORTHERN SHOVELER,NORTHERN SHOVELER,99.99598265,Y
NORTHERN SHOVELER,NORTHERN SHOVELER,100,Y
NORTHERN SHOVELER,NORTHERN SHOVELER,100,Y
OCELLATED TURKEY,OCELLATED TURKEY,99.96936321,Y
OCELLATED TURKEY,OCELLATED TURKEY,99.69701767,Y
OKINAWA RAIL,OKINAWA RAIL,100,Y
OKINAWA RAIL,OKINAWA RAIL,99.99966621,Y
ORANGE BRESTED BUNTING,ORANGE BRESTED BUNTING,99.99998808,Y
ORANGE BRESTED BUNTING,ORANGE BRESTED BUNTING,100,Y
ORANGE BRESTED BUNTING,ORANGE BRESTED BUNTING,100,Y
ORANGE BRESTED BUNTING,ORANGE BRESTED BUNTING,100,Y
ORANGE BRESTED BUNTING,ORANGE BRESTED BUNTING,76.5794158,Y
OSPREY,OSPREY,60.16816497,Y
OSPREY,OSPREY,99.51941371,Y
OSPREY,OSPREY,97.06929326,Y
OSPREY,OSPREY,92.43916273,Y
OSTRICH,OSTRICH,98.65270257,Y
OSTRICH,OSTRICH,99.93100166,Y
OSTRICH,OSTRICH,100,Y
OSTRICH,OSTRICH,99.99980927,Y
OSTRICH,OSTRICH,99.99990463,Y
OVENBIRD,OVENBIRD,98.82181287,Y
OVENBIRD,OVENBIRD,71.14886642,Y
OVENBIRD,OVENBIRD,83.63876939,Y
OVENBIRD,OVENBIRD,99.78250265,Y
OVENBIRD,OVENBIRD,99.99974966,Y
OYSTER CATCHER,OYSTER CATCHER,100,Y
OYSTER CATCHER,OYSTER CATCHER,100,Y
OYSTER CATCHER,OYSTER CATCHER,100,Y
OYSTER CATCHER,OYSTER CATCHER,100,Y
OYSTER CATCHER,OYSTER CATCHER,99.99303818,Y
PAINTED BUNTIG,PAINTED BUNTIG,99.99945164,Y
PAINTED BUNTIG,PAINTED BUNTIG,99.99952316,Y
PAINTED BUNTIG,PAINTED BUNTIG,100,Y
PAINTED BUNTIG,PAINTED BUNTIG,99.99961853,Y
PAINTED BUNTIG,PAINTED BUNTIG,100,Y
PALILA,PALILA,99.99922514,Y
PALILA,PALILA,94.11653876,Y
PALILA,PALILA,99.97857213,Y
PALILA,PALILA,99.99972582,Y
PALILA,PALILA,97.48749733,Y
PARADISE TANAGER,PARADISE TANAGER,100,Y
PARADISE TANAGER,PARADISE TANAGER,99.99890327,Y
PARADISE TANAGER,PARADISE TANAGER,99.99996424,Y
PARADISE TANAGER,PARADISE TANAGER,99.99912977,Y
PARAKETT  AKULET,PARAKETT  AKULET,99.99990463,Y
PARAKETT  AKULET,PARAKETT  AKULET,99.99992847,Y
PARAKETT  AKULET,PARAKETT  AKULET,99.65506792,Y
PARAKETT  AKULET,PARAKETT  AKULET,99.98720884,Y
PARAKETT  AKULET,PARAKETT  AKULET,99.99998808,Y
PARUS MAJOR,PARUS MAJOR,99.85638261,Y
PARUS MAJOR,PARUS MAJOR,99.96467829,Y
PARUS MAJOR,PARUS MAJOR,99.97847676,Y
PARUS MAJOR,PARUS MAJOR,99.99965429,Y
PARUS MAJOR,PARUS MAJOR,68.51986647,Y
PEACOCK,PEACOCK,86.58188581,Y
PEACOCK,PEACOCK,100,Y
PEACOCK,PEACOCK,99.99996424,Y
PEACOCK,PEACOCK,99.80303645,Y
PEACOCK,PEACOCK,100,Y
PELICAN,PELICAN,92.21012592,Y
PELICAN,PELICAN,99.99998808,Y
PEREGRINE FALCON,PEREGRINE FALCON,98.79779816,Y
PEREGRINE FALCON,PEREGRINE FALCON,99.15031195,Y
PEREGRINE FALCON,PEREGRINE FALCON,77.69582272,Y
PHILIPPINE EAGLE,PHILIPPINE EAGLE,97.17918038,Y
PHILIPPINE EAGLE,PHILIPPINE EAGLE,99.99995232,Y
PHILIPPINE EAGLE,PHILIPPINE EAGLE,99.86199141,Y
PHILIPPINE EAGLE,PHILIPPINE EAGLE,99.97164607,Y
PINK ROBIN,PINK ROBIN,100,Y
PINK ROBIN,PINK ROBIN,100,Y
PINK ROBIN,PINK ROBIN,100,Y
PINK ROBIN,PINK ROBIN,100,Y
PINK ROBIN,PINK ROBIN,100,Y
PUFFIN,PUFFIN,99.86252785,Y
PUFFIN,PUFFIN,99.99755621,Y
PUFFIN,PUFFIN,98.7624526,Y
PUFFIN,PUFFIN,58.31942558,Y
PUFFIN,PUFFIN,99.99268055,Y
PURPLE FINCH,PURPLE FINCH,99.9761045,Y
PURPLE FINCH,PURPLE FINCH,44.55940425,Y
PURPLE FINCH,PURPLE FINCH,99.99992847,Y
PURPLE FINCH,PURPLE FINCH,99.99587536,Y
PURPLE GALLINULE,PURPLE GALLINULE,99.99814034,Y
PURPLE GALLINULE,PURPLE GALLINULE,99.97920394,Y
PURPLE GALLINULE,PURPLE GALLINULE,99.99108315,Y
PURPLE GALLINULE,PURPLE GALLINULE,99.45167899,Y
PURPLE GALLINULE,PURPLE GALLINULE,99.99877214,Y
PURPLE MARTIN,PURPLE MARTIN,99.98407364,Y
PURPLE MARTIN,PURPLE MARTIN,99.93047714,Y
PURPLE MARTIN,PURPLE MARTIN,99.99998808,Y
PURPLE SWAMPHEN,PURPLE SWAMPHEN,99.11161661,Y
PURPLE SWAMPHEN,PURPLE SWAMPHEN,99.97330308,Y
PURPLE SWAMPHEN,PURPLE SWAMPHEN,98.38306904,Y
PYGMY KINGFISHER,PYGMY KINGFISHER,100,Y
PYGMY KINGFISHER,PYGMY KINGFISHER,99.99998808,Y
PYGMY KINGFISHER,PYGMY KINGFISHER,99.99274015,Y
PYGMY KINGFISHER,PYGMY KINGFISHER,99.99192953,Y
QUETZAL,QUETZAL,100,Y
QUETZAL,QUETZAL,100,Y
QUETZAL,QUETZAL,99.98855591,Y
QUETZAL,QUETZAL,100,Y
QUETZAL,QUETZAL,87.04351187,Y
RAINBOW LORIKEET,RAINBOW LORIKEET,99.88031387,Y
RAINBOW LORIKEET,RAINBOW LORIKEET,99.99983311,Y
RAINBOW LORIKEET,RAINBOW LORIKEET,99.18419123,Y
RAINBOW LORIKEET,RAINBOW LORIKEET,99.23824668,Y
RAZORBILL,RAZORBILL,99.44197536,Y
RAZORBILL,RAZORBILL,100,Y
RAZORBILL,RAZORBILL,99.99758005,Y
RAZORBILL,RAZORBILL,99.99979734,Y
RAZORBILL,RAZORBILL,99.97256398,Y
RED BEARDED BEE EATER,RED BEARDED BEE EATER,99.99943972,Y
RED BEARDED BEE EATER,RED BEARDED BEE EATER,99.99899864,Y
RED BEARDED BEE EATER,RED BEARDED BEE EATER,100,Y
RED BEARDED BEE EATER,RED BEARDED BEE EATER,99.99998808,Y
RED BEARDED BEE EATER,RED BEARDED BEE EATER,100,Y
RED BELLIED PITTA,RED BELLIED PITTA,100,Y
RED BELLIED PITTA,RED BELLIED PITTA,99.99905825,Y
RED BELLIED PITTA,RED BELLIED PITTA,99.99992847,Y
RED BELLIED PITTA,RED BELLIED PITTA,100,Y
RED BELLIED PITTA,RED BELLIED PITTA,100,Y
RED BROWED FINCH,RED BROWED FINCH,99.9984622,Y
RED BROWED FINCH,RED BROWED FINCH,100,Y
RED BROWED FINCH,RED BROWED FINCH,99.82333183,Y
RED BROWED FINCH,RED BROWED FINCH,100,Y
RED BROWED FINCH,RED BROWED FINCH,99.9956131,Y
RED FACED CORMORANT,RED FACED CORMORANT,98.46504927,Y
RED FACED CORMORANT,RED FACED CORMORANT,100,Y
RED FACED CORMORANT,RED FACED CORMORANT,78.65834236,Y
RED FACED CORMORANT,RED FACED CORMORANT,100,Y
RED FACED WARBLER,RED FACED WARBLER,99.96489286,Y
RED FACED WARBLER,RED FACED WARBLER,100,Y
RED FACED WARBLER,RED FACED WARBLER,82.45787621,Y
RED FACED WARBLER,RED FACED WARBLER,99.96917248,Y
RED FACED WARBLER,RED FACED WARBLER,99.9854207,Y
RED HEADED DUCK,RED HEADED DUCK,53.17496657,Y
RED HEADED DUCK,RED HEADED DUCK,63.87163401,Y
RED HEADED DUCK,RED HEADED DUCK,99.99262094,Y
RED HEADED DUCK,RED HEADED DUCK,99.99995232,Y
RED HEADED DUCK,RED HEADED DUCK,99.99223948,Y
RED HEADED WOODPECKER,RED HEADED WOODPECKER,99.99471903,Y
RED HEADED WOODPECKER,RED HEADED WOODPECKER,100,Y
RED HEADED WOODPECKER,RED HEADED WOODPECKER,99.80126619,Y
RED HEADED WOODPECKER,RED HEADED WOODPECKER,97.50496745,Y
RED HEADED WOODPECKER,RED HEADED WOODPECKER,99.7851491,Y
RED HONEY CREEPER,RED HONEY CREEPER,100,Y
RED HONEY CREEPER,RED HONEY CREEPER,99.99998808,Y
RED HONEY CREEPER,RED HONEY CREEPER,99.99998808,Y
RED HONEY CREEPER,RED HONEY CREEPER,99.99998808,Y
RED HONEY CREEPER,RED HONEY CREEPER,99.99945164,Y
RED NAPED TROGON,RED NAPED TROGON,99.79806542,Y
RED NAPED TROGON,RED NAPED TROGON,99.99946356,Y
RED NAPED TROGON,RED NAPED TROGON,99.99780655,Y
RED NAPED TROGON,RED NAPED TROGON,100,Y
RED NAPED TROGON,RED NAPED TROGON,100,Y
RED TAILED HAWK,RED TAILED HAWK,99.66981411,Y
RED TAILED HAWK,RED TAILED HAWK,46.92095518,Y
RED TAILED HAWK,RED TAILED HAWK,87.38055825,Y
RED TAILED THRUSH,RED TAILED THRUSH,99.99934435,Y
RED TAILED THRUSH,RED TAILED THRUSH,99.99998808,Y
RED TAILED THRUSH,RED TAILED THRUSH,100,Y
RED TAILED THRUSH,RED TAILED THRUSH,99.99778271,Y
RED WINGED BLACKBIRD,RED WINGED BLACKBIRD,99.94407296,Y
RED WINGED BLACKBIRD,RED WINGED BLACKBIRD,99.99716282,Y
RED WINGED BLACKBIRD,RED WINGED BLACKBIRD,99.99402761,Y
RED WINGED BLACKBIRD,RED WINGED BLACKBIRD,100,Y
RED WINGED BLACKBIRD,RED WINGED BLACKBIRD,99.44425225,Y
RED WISKERED BULBUL,RED WISKERED BULBUL,89.97906446,Y
RED WISKERED BULBUL,RED WISKERED BULBUL,100,Y
RED WISKERED BULBUL,RED WISKERED BULBUL,99.99313354,Y
RED WISKERED BULBUL,RED WISKERED BULBUL,100,Y
RED WISKERED BULBUL,RED WISKERED BULBUL,99.9986887,Y
REGENT BOWERBIRD,REGENT BOWERBIRD,100,Y
REGENT BOWERBIRD,REGENT BOWERBIRD,90.91120958,Y
REGENT BOWERBIRD,REGENT BOWERBIRD,100,Y
REGENT BOWERBIRD,REGENT BOWERBIRD,99.88613129,Y
REGENT BOWERBIRD,REGENT BOWERBIRD,100,Y
RING-NECKED PHEASANT,RING-NECKED PHEASANT,99.9999404,Y
RING-NECKED PHEASANT,RING-NECKED PHEASANT,99.99995232,Y
RING-NECKED PHEASANT,RING-NECKED PHEASANT,100,Y
RING-NECKED PHEASANT,RING-NECKED PHEASANT,99.77178574,Y
RING-NECKED PHEASANT,RING-NECKED PHEASANT,97.55193591,Y
ROADRUNNER,ROADRUNNER,99.99998808,Y
ROADRUNNER,ROADRUNNER,100,Y
ROADRUNNER,ROADRUNNER,99.99978542,Y
ROADRUNNER,ROADRUNNER,99.97277856,Y
ROBIN,ROBIN,99.99406338,Y
ROBIN,ROBIN,99.7749269,Y
ROBIN,ROBIN,99.99947548,Y
ROBIN,ROBIN,99.99988079,Y
ROBIN,ROBIN,99.99841452,Y
ROCK DOVE,ROCK DOVE,99.85029697,Y
ROCK DOVE,ROCK DOVE,99.96811152,Y
ROCK DOVE,ROCK DOVE,96.9094038,Y
ROCK DOVE,ROCK DOVE,99.97345805,Y
ROSY FACED LOVEBIRD,ROSY FACED LOVEBIRD,99.99474287,Y
ROSY FACED LOVEBIRD,ROSY FACED LOVEBIRD,99.99063015,Y
ROSY FACED LOVEBIRD,ROSY FACED LOVEBIRD,99.97964501,Y
ROSY FACED LOVEBIRD,ROSY FACED LOVEBIRD,99.40391779,Y
ROSY FACED LOVEBIRD,ROSY FACED LOVEBIRD,99.9826014,Y
ROUGH LEG BUZZARD,ROUGH LEG BUZZARD,86.65837646,Y
ROUGH LEG BUZZARD,ROUGH LEG BUZZARD,63.37285638,Y
ROUGH LEG BUZZARD,ROUGH LEG BUZZARD,78.40131521,Y
ROUGH LEG BUZZARD,ROUGH LEG BUZZARD,61.29465103,Y
ROYAL FLYCATCHER,ROYAL FLYCATCHER,99.74199533,Y
ROYAL FLYCATCHER,ROYAL FLYCATCHER,99.99676943,Y
ROYAL FLYCATCHER,ROYAL FLYCATCHER,100,Y
ROYAL FLYCATCHER,ROYAL FLYCATCHER,100,Y
ROYAL FLYCATCHER,ROYAL FLYCATCHER,100,Y
RUBY THROATED HUMMINGBIRD,RUBY THROATED HUMMINGBIRD,99.9989152,Y
RUBY THROATED HUMMINGBIRD,RUBY THROATED HUMMINGBIRD,99.99687672,Y
RUBY THROATED HUMMINGBIRD,RUBY THROATED HUMMINGBIRD,99.99984503,Y
RUDY KINGFISHER,RUDY KINGFISHER,99.94158745,Y
RUDY KINGFISHER,RUDY KINGFISHER,99.99760389,Y
RUDY KINGFISHER,RUDY KINGFISHER,97.09511399,Y
RUDY KINGFISHER,RUDY KINGFISHER,99.90791082,Y
RUDY KINGFISHER,RUDY KINGFISHER,99.99966621,Y
RUFOUS KINGFISHER,RUFOUS KINGFISHER,99.99996424,Y
RUFOUS KINGFISHER,RUFOUS KINGFISHER,99.99984503,Y
RUFOUS KINGFISHER,RUFOUS KINGFISHER,99.96615648,Y
RUFOUS KINGFISHER,RUFOUS KINGFISHER,70.33221722,Y
RUFOUS KINGFISHER,RUFOUS KINGFISHER,99.99992847,Y
RUFUOS MOTMOT,RUFUOS MOTMOT,99.99982119,Y
RUFUOS MOTMOT,RUFUOS MOTMOT,99.99974966,Y
RUFUOS MOTMOT,RUFUOS MOTMOT,99.99146461,Y
RUFUOS MOTMOT,RUFUOS MOTMOT,99.99219179,Y
RUFUOS MOTMOT,RUFUOS MOTMOT,99.95225668,Y
SAMATRAN THRUSH,SAMATRAN THRUSH,99.99997616,Y
SAMATRAN THRUSH,SAMATRAN THRUSH,99.99912977,Y
SAMATRAN THRUSH,SAMATRAN THRUSH,99.75710511,Y
SAND MARTIN,SAND MARTIN,99.99662638,Y
SAND MARTIN,SAND MARTIN,76.09400153,Y
SAND MARTIN,SAND MARTIN,99.98944998,Y
SANDHILL CRANE,SANDHILL CRANE,46.18760645,Y
SANDHILL CRANE,SANDHILL CRANE,90.92056751,Y
SCARLET IBIS,SCARLET IBIS,99.9997735,Y
SCARLET IBIS,SCARLET IBIS,99.99777079,Y
SCARLET MACAW,SCARLET MACAW,99.99058247,Y
SCARLET MACAW,SCARLET MACAW,99.9717176,Y
SCARLET MACAW,SCARLET MACAW,99.99998808,Y
SCARLET MACAW,SCARLET MACAW,99.73388314,Y
SCARLET MACAW,SCARLET MACAW,99.99499321,Y
SCARLET TANAGER,SCARLET TANAGER,99.99824762,Y
SCARLET TANAGER,SCARLET TANAGER,100,Y
SCARLET TANAGER,SCARLET TANAGER,74.98775721,Y
SCARLET TANAGER,SCARLET TANAGER,99.57542419,Y
SCARLET TANAGER,SCARLET TANAGER,99.04533625,Y
SHOEBILL,SHOEBILL,99.9946475,Y
SHOEBILL,SHOEBILL,99.99074936,Y
SHOEBILL,SHOEBILL,99.98534918,Y
SHOEBILL,SHOEBILL,99.99996424,Y
SHORT BILLED DOWITCHER,SHORT BILLED DOWITCHER,97.99419641,Y
SHORT BILLED DOWITCHER,SHORT BILLED DOWITCHER,99.87454414,Y
SHORT BILLED DOWITCHER,SHORT BILLED DOWITCHER,99.99716282,Y
SHORT BILLED DOWITCHER,SHORT BILLED DOWITCHER,79.5111835,Y
SHORT BILLED DOWITCHER,SHORT BILLED DOWITCHER,99.99997616,Y
SMITHS LONGSPUR,SMITHS LONGSPUR,99.6961534,Y
SMITHS LONGSPUR,SMITHS LONGSPUR,99.14161563,Y
SMITHS LONGSPUR,SMITHS LONGSPUR,95.06935477,Y
SNOWY EGRET,SNOWY EGRET,97.45898843,Y
SNOWY EGRET,SNOWY EGRET,99.96262789,Y
SNOWY EGRET,SNOWY EGRET,93.56905222,Y
SNOWY EGRET,SNOWY EGRET,99.70141649,Y
SNOWY OWL,SNOWY OWL,99.58198071,Y
SNOWY OWL,SNOWY OWL,97.71975875,Y
SNOWY OWL,SNOWY OWL,89.29173946,Y
SORA,SORA,99.94626641,Y
SORA,SORA,47.43374288,Y
SORA,SORA,83.72184038,Y
SORA,SORA,99.70966578,Y
SPANGLED COTINGA,SPANGLED COTINGA,99.97076392,Y
SPANGLED COTINGA,SPANGLED COTINGA,99.9930501,Y
SPANGLED COTINGA,SPANGLED COTINGA,99.99827147,Y
SPANGLED COTINGA,SPANGLED COTINGA,99.99998808,Y
SPANGLED COTINGA,SPANGLED COTINGA,99.99983311,Y
SPLENDID WREN,SPLENDID WREN,99.2960155,Y
SPLENDID WREN,SPLENDID WREN,100,Y
SPLENDID WREN,SPLENDID WREN,99.98707771,Y
SPOON BILED SANDPIPER,SPOON BILED SANDPIPER,36.94376349,Y
SPOON BILED SANDPIPER,SPOON BILED SANDPIPER,96.0842967,Y
SPOON BILED SANDPIPER,SPOON BILED SANDPIPER,98.94066453,Y
SPOON BILED SANDPIPER,SPOON BILED SANDPIPER,60.03707051,Y
SPOON BILED SANDPIPER,SPOON BILED SANDPIPER,98.86683822,Y
SPOONBILL,SPOONBILL,99.91605282,Y
SPOONBILL,SPOONBILL,91.31903648,Y
SPOONBILL,SPOONBILL,91.31810665,Y
SRI LANKA BLUE MAGPIE,SRI LANKA BLUE MAGPIE,99.07618165,Y
SRI LANKA BLUE MAGPIE,SRI LANKA BLUE MAGPIE,100,Y
SRI LANKA BLUE MAGPIE,SRI LANKA BLUE MAGPIE,100,Y
SRI LANKA BLUE MAGPIE,SRI LANKA BLUE MAGPIE,99.9972105,Y
SRI LANKA BLUE MAGPIE,SRI LANKA BLUE MAGPIE,99.39622283,Y
STEAMER DUCK,STEAMER DUCK,96.73504829,Y
STEAMER DUCK,STEAMER DUCK,61.97360158,Y
STEAMER DUCK,STEAMER DUCK,99.99998808,Y
STEAMER DUCK,STEAMER DUCK,100,Y
STORK BILLED KINGFISHER,STORK BILLED KINGFISHER,74.05440211,Y
STORK BILLED KINGFISHER,STORK BILLED KINGFISHER,99.99220371,Y
STORK BILLED KINGFISHER,STORK BILLED KINGFISHER,99.99996424,Y
STORK BILLED KINGFISHER,STORK BILLED KINGFISHER,99.99998808,Y
STRAWBERRY FINCH,STRAWBERRY FINCH,99.92743134,Y
STRAWBERRY FINCH,STRAWBERRY FINCH,100,Y
STRAWBERRY FINCH,STRAWBERRY FINCH,99.99915361,Y
STRAWBERRY FINCH,STRAWBERRY FINCH,97.38506079,Y
STRAWBERRY FINCH,STRAWBERRY FINCH,100,Y
STRIPPED MANAKIN,STRIPPED MANAKIN,100,Y
STRIPPED MANAKIN,STRIPPED MANAKIN,99.9994874,Y
STRIPPED MANAKIN,STRIPPED MANAKIN,100,Y
STRIPPED MANAKIN,STRIPPED MANAKIN,100,Y
STRIPPED MANAKIN,STRIPPED MANAKIN,99.99985695,Y
STRIPPED SWALLOW,STRIPPED SWALLOW,99.6307373,Y
STRIPPED SWALLOW,STRIPPED SWALLOW,99.98868704,Y
STRIPPED SWALLOW,STRIPPED SWALLOW,79.55585718,Y
STRIPPED SWALLOW,STRIPPED SWALLOW,99.93730187,Y
STRIPPED SWALLOW,STRIPPED SWALLOW,99.98161197,Y
SUPERB STARLING,SUPERB STARLING,100,Y
SUPERB STARLING,SUPERB STARLING,100,Y
SUPERB STARLING,SUPERB STARLING,100,Y
SUPERB STARLING,SUPERB STARLING,100,Y
SUPERB STARLING,SUPERB STARLING,100,Y
SWINHOES PHEASANT,SWINHOES PHEASANT,99.99932051,Y
SWINHOES PHEASANT,SWINHOES PHEASANT,96.3534534,Y
SWINHOES PHEASANT,SWINHOES PHEASANT,92.30601192,Y
SWINHOES PHEASANT,SWINHOES PHEASANT,99.54645038,Y
SWINHOES PHEASANT,SWINHOES PHEASANT,99.99996424,Y
TAIWAN MAGPIE,TAIWAN MAGPIE,99.86137152,Y
TAIWAN MAGPIE,TAIWAN MAGPIE,97.01485634,Y
TAIWAN MAGPIE,TAIWAN MAGPIE,99.57524538,Y
TAKAHE,TAKAHE,99.99988079,Y
TAKAHE,TAKAHE,99.99767542,Y
TAKAHE,TAKAHE,98.80222082,Y
TAKAHE,TAKAHE,99.97417331,Y
TAKAHE,TAKAHE,99.99995232,Y
TASMANIAN HEN,TASMANIAN HEN,86.65755391,Y
TASMANIAN HEN,TASMANIAN HEN,100,Y
TASMANIAN HEN,TASMANIAN HEN,99.99996424,Y
TASMANIAN HEN,TASMANIAN HEN,96.21070027,Y
TEAL DUCK,TEAL DUCK,74.44244623,Y
TEAL DUCK,TEAL DUCK,99.95151758,Y
TEAL DUCK,TEAL DUCK,98.95065427,Y
TIT MOUSE,TIT MOUSE,99.46952462,Y
TIT MOUSE,TIT MOUSE,99.2590189,Y
TIT MOUSE,TIT MOUSE,99.54847097,Y
TOUCHAN,TOUCHAN,85.51017642,Y
TOUCHAN,TOUCHAN,99.99974966,Y
TOUCHAN,TOUCHAN,99.99735355,Y
TOUCHAN,TOUCHAN,99.98892546,Y
TOWNSENDS WARBLER,TOWNSENDS WARBLER,100,Y
TOWNSENDS WARBLER,TOWNSENDS WARBLER,99.99970198,Y
TOWNSENDS WARBLER,TOWNSENDS WARBLER,99.22651052,Y
TOWNSENDS WARBLER,TOWNSENDS WARBLER,99.99520779,Y
TOWNSENDS WARBLER,TOWNSENDS WARBLER,99.94227886,Y
TREE SWALLOW,TREE SWALLOW,97.93353677,Y
TREE SWALLOW,TREE SWALLOW,99.994874,Y
TREE SWALLOW,TREE SWALLOW,99.99972582,Y
TREE SWALLOW,TREE SWALLOW,99.99245405,Y
TREE SWALLOW,TREE SWALLOW,52.98112035,Y
TRUMPTER SWAN,TRUMPTER SWAN,100,Y
TRUMPTER SWAN,TRUMPTER SWAN,99.98680353,Y
TRUMPTER SWAN,TRUMPTER SWAN,99.9735415,Y
TRUMPTER SWAN,TRUMPTER SWAN,99.39914346,Y
TRUMPTER SWAN,TRUMPTER SWAN,96.54989243,Y
TURKEY VULTURE,TURKEY VULTURE,92.70225763,Y
TURKEY VULTURE,TURKEY VULTURE,84.26219821,Y
TURKEY VULTURE,TURKEY VULTURE,99.8922646,Y
TURQUOISE MOTMOT,TURQUOISE MOTMOT,100,Y
TURQUOISE MOTMOT,TURQUOISE MOTMOT,99.99774694,Y
TURQUOISE MOTMOT,TURQUOISE MOTMOT,100,Y
TURQUOISE MOTMOT,TURQUOISE MOTMOT,100,Y
TURQUOISE MOTMOT,TURQUOISE MOTMOT,100,Y
UMBRELLA BIRD,UMBRELLA BIRD,99.99576807,Y
UMBRELLA BIRD,UMBRELLA BIRD,99.99057055,Y
UMBRELLA BIRD,UMBRELLA BIRD,99.99550581,Y
UMBRELLA BIRD,UMBRELLA BIRD,84.44546461,Y
VARIED THRUSH,VARIED THRUSH,100,Y
VARIED THRUSH,VARIED THRUSH,99.99574423,Y
VARIED THRUSH,VARIED THRUSH,99.99101162,Y
VARIED THRUSH,VARIED THRUSH,99.99998808,Y
VENEZUELIAN TROUPIAL,VENEZUELIAN TROUPIAL,75.77006221,Y
VENEZUELIAN TROUPIAL,VENEZUELIAN TROUPIAL,96.91260457,Y
VENEZUELIAN TROUPIAL,VENEZUELIAN TROUPIAL,100,Y
VENEZUELIAN TROUPIAL,VENEZUELIAN TROUPIAL,99.99862909,Y
VENEZUELIAN TROUPIAL,VENEZUELIAN TROUPIAL,97.53388762,Y
VERMILION FLYCATHER,VERMILION FLYCATHER,100,Y
VERMILION FLYCATHER,VERMILION FLYCATHER,96.17920518,Y
VERMILION FLYCATHER,VERMILION FLYCATHER,100,Y
VERMILION FLYCATHER,VERMILION FLYCATHER,99.99964237,Y
VICTORIA CROWNED PIGEON,VICTORIA CROWNED PIGEON,99.89797473,Y
VICTORIA CROWNED PIGEON,VICTORIA CROWNED PIGEON,84.56505537,Y
VICTORIA CROWNED PIGEON,VICTORIA CROWNED PIGEON,99.98856783,Y
VIOLET GREEN SWALLOW,VIOLET GREEN SWALLOW,99.99997616,Y
VIOLET GREEN SWALLOW,VIOLET GREEN SWALLOW,99.90953207,Y
VIOLET GREEN SWALLOW,VIOLET GREEN SWALLOW,99.99834299,Y
VIOLET GREEN SWALLOW,VIOLET GREEN SWALLOW,99.98950958,Y
VIOLET GREEN SWALLOW,VIOLET GREEN SWALLOW,99.99997616,Y
VULTURINE GUINEAFOWL,VULTURINE GUINEAFOWL,99.9985218,Y
VULTURINE GUINEAFOWL,VULTURINE GUINEAFOWL,99.9999404,Y
VULTURINE GUINEAFOWL,VULTURINE GUINEAFOWL,100,Y
VULTURINE GUINEAFOWL,VULTURINE GUINEAFOWL,99.99927282,Y
WALL CREAPER,WALL CREAPER,99.96020198,Y
WALL CREAPER,WALL CREAPER,100,Y
WALL CREAPER,WALL CREAPER,99.96525049,Y
WALL CREAPER,WALL CREAPER,73.08635712,Y
WALL CREAPER,WALL CREAPER,100,Y
WATTLED CURASSOW,WATTLED CURASSOW,99.98865128,Y
WATTLED CURASSOW,WATTLED CURASSOW,95.42128444,Y
WATTLED CURASSOW,WATTLED CURASSOW,67.25461483,Y
WATTLED CURASSOW,WATTLED CURASSOW,97.60563374,Y
WATTLED CURASSOW,WATTLED CURASSOW,99.9946475,Y
WHIMBREL,WHIMBREL,87.4968946,Y
WHIMBREL,WHIMBREL,82.13424087,Y
WHIMBREL,WHIMBREL,96.66113257,Y
WHIMBREL,WHIMBREL,93.54794621,Y
WHIMBREL,WHIMBREL,79.59383726,Y
WHITE CHEEKED TURACO,WHITE CHEEKED TURACO,99.99879599,Y
WHITE CHEEKED TURACO,WHITE CHEEKED TURACO,100,Y
WHITE CHEEKED TURACO,WHITE CHEEKED TURACO,99.29083586,Y
WHITE CHEEKED TURACO,WHITE CHEEKED TURACO,99.99843836,Y
WHITE NECKED RAVEN,WHITE NECKED RAVEN,93.40687394,Y
WHITE NECKED RAVEN,WHITE NECKED RAVEN,98.88235927,Y
WHITE NECKED RAVEN,WHITE NECKED RAVEN,99.99843836,Y
WHITE NECKED RAVEN,WHITE NECKED RAVEN,99.93352294,Y
WHITE TAILED TROPIC,WHITE TAILED TROPIC,58.15727711,Y
WHITE TAILED TROPIC,WHITE TAILED TROPIC,99.88546371,Y
WHITE TAILED TROPIC,WHITE TAILED TROPIC,93.41632128,Y
WHITE TAILED TROPIC,WHITE TAILED TROPIC,99.99991655,Y
WHITE THROATED BEE EATER,WHITE THROATED BEE EATER,99.99924898,Y
WHITE THROATED BEE EATER,WHITE THROATED BEE EATER,100,Y
WHITE THROATED BEE EATER,WHITE THROATED BEE EATER,99.99893904,Y
WILD TURKEY,WILD TURKEY,88.28186989,Y
WILD TURKEY,WILD TURKEY,100,Y
WILD TURKEY,WILD TURKEY,99.99927282,Y
WILD TURKEY,WILD TURKEY,98.11432362,Y
WILSONS BIRD OF PARADISE,WILSONS BIRD OF PARADISE,100,Y
WILSONS BIRD OF PARADISE,WILSONS BIRD OF PARADISE,100,Y
WILSONS BIRD OF PARADISE,WILSONS BIRD OF PARADISE,100,Y
WILSONS BIRD OF PARADISE,WILSONS BIRD OF PARADISE,99.27458167,Y
WILSONS BIRD OF PARADISE,WILSONS BIRD OF PARADISE,100,Y
WOOD DUCK,WOOD DUCK,100,Y
WOOD DUCK,WOOD DUCK,99.99984503,Y
WOOD DUCK,WOOD DUCK,99.99998808,Y
WOOD DUCK,WOOD DUCK,100,Y
YELLOW BELLIED FLOWERPECKER,YELLOW BELLIED FLOWERPECKER,99.99431372,Y
YELLOW BELLIED FLOWERPECKER,YELLOW BELLIED FLOWERPECKER,99.93594289,Y
YELLOW BELLIED FLOWERPECKER,YELLOW BELLIED FLOWERPECKER,98.79027009,Y
YELLOW BELLIED FLOWERPECKER,YELLOW BELLIED FLOWERPECKER,45.44532001,Y
YELLOW CACIQUE,YELLOW CACIQUE,99.93079901,Y
YELLOW CACIQUE,YELLOW CACIQUE,99.94677901,Y
YELLOW CACIQUE,YELLOW CACIQUE,99.99966621,Y
YELLOW CACIQUE,YELLOW CACIQUE,98.42197299,Y
YELLOW HEADED BLACKBIRD,YELLOW HEADED BLACKBIRD,100,Y
YELLOW HEADED BLACKBIRD,YELLOW HEADED BLACKBIRD,99.9989748,Y
YELLOW HEADED BLACKBIRD,YELLOW HEADED BLACKBIRD,99.51861501,Y
